Workbook

Sheet 1
A1: Daily achievement sheet (Van/Cluster/Singel /Welimada/DLS Oparations)
A2: Sr | B2: Item Description | M2: ASE
B3: RMS Items | C3: Avissawella | D3: Rathnapura | E3: Hanwella | F3: Horana | G3: Balangoda | H3: Piliyandala | M3: Tatal (B)
A4: 1 | B4: High Sugar- 500gr (Angel) | M4: =SUM(C4:L4) -> 0
A5: 2 | B5: Low Sugar -450gr (Angle) | M5: =SUM(C5:L5) -> 0
A6: 3 | B6: Low Sugar -500gr (Angle) | M6: =SUM(C6:L6) -> 0
A7: 4 | B7: Gloripan Instant Dry Yeast (High Sugar) 500g | M7: =SUM(C7:L7) -> 0
A8: 5 | B8: Gloripan Instant Dry Yeast (Low Sugar) 500g | M8: =SUM(C8:L8) -> 0
A9: 6 | B9: 2 In 1 Yeast 500gr (Low Suger) | M9: =SUM(C9:L9) -> 0
A10: 7 | B10: 2 In 1 Yeast 500gr (High Suger) | M10: =SUM(C10:L10) -> 0
A11: 8 | B11: Bakery Yest total | C11: =SUM(C4:C10) -> 0 | D11: =SUM(D4:D10) -> 0 | E11: =SUM(E4:E10) -> 0 | F11: =SUM(F4:F10) -> 0 | G11: =SUM(G4:G10) -> 0 | H11: =SUM(H4:H10) -> 0 | I11: =SUM(I4:I10) -> 0 | J11: =SUM(J4:J10) -> 0 | ... L11: =SUM(L4:L10) -> 0 | M11: =SUM(C11:L11) -> 0
A12: 9 | B12: Instant Leaven -450gr | M12: =SUM(C12:L12) -> 0
A13: 10 | B13: Instant Leaven -500gr | M13: =SUM(C13:L13) -> 0
A14: 11 | B14: Leaven Total | C14: =SUM(C12:C13) -> 0 | D14: =SUM(D12:D13) -> 0 | E14: =SUM(E12:E13) -> 0 | F14: =SUM(F12:F13) -> 0 | G14: =SUM(G12:G13) -> 0 | H14: =SUM(H12:H13) -> 0 | I14: =SUM(I12:I13) -> 0 | J14: =SUM(J12:J13) -> 0 | ... L14: =SUM(L12:L13) -> 0 | M14: =SUM(C14:L14) -> 0
A15: 12 | B15: Shortening- 15 kg | M15: =SUM(C15:L15) -> 0
A16: 13 | B16: Total Yest | C16: =C11+C14 -> 0 | D16: =D11+D14 -> 0 | E16: =E11+E14 -> 0 | F16: =F11+F14 -> 0 | G16: =G11+G14 -> 0 | H16: =H11+H14 -> 0 | I16: =I11+I14 -> 0 | J16: =J11+J14 -> 0 | ... L16: =L11+L14 -> 0 | M16: =SUM(C16:L16) -> 0
A17: 14 | B17: Angle Dry Yeast 25g | M17: =SUM(C17:L17) -> 0
A18: 15 | B18: Angle Dry Yeast 50g | M18: =SUM(C18:L18) -> 0
A19: 16 | B19: Total Angle Dry Yeast | C19: =SUM(C17:C18) -> 0 | D19: =SUM(D17:D18) -> 0 | E19: =SUM(E17:E18) -> 0 | F19: =SUM(F17:F18) -> 0 | G19: =SUM(G17:G18) -> 0 | H19: =SUM(H17:H18) -> 0 | I19: =SUM(I17:I18) -> 0 | J19: =SUM(J17:J18) -> 0 | ... M19: =SUM(M17:M18) -> 0
A20: 17 | B20: Mitra Margerine (Bakers compound -15kg) | M20: =SUM(C20:L20) -> 0
A21: 18 | B21: Mitra Margerine (Blue Lable) - 15kg | M21: =SUM(C21:L21) -> 0
A22: 19 | B22: Mitra - (Bun Compound 15Kg) | M22: =SUM(C22:L22) -> 0
A23: 20 | B23: Bakers Star Multy Purpes 15kg | M23: =SUM(C23:L23) -> 0
A24: 21 | B24: Bakers Star Primum Cake 15kg | M24: =SUM(C24:L24) -> 0
A25: 22 | B25: Mitra 15Kg (Bread Compound 15Kg) | M25: =SUM(C25:L25) -> 0
A26: 23 | B26: Bakers Star Pastry Margareen 15kg | M26: =SUM(C26:L26) -> 0
A27: 24 | B27: Bakers Star Creming Fat Margareen 15kg | M27: =SUM(C27:L27) -> 0
A28: 25 | B28: Total Magrgering | C28: =SUM(C20:C27) -> 0 | D28: =SUM(D20:D27) -> 0 | E28: =SUM(E20:E27) -> 0 | F28: =SUM(F20:F27) -> 0 | G28: =SUM(G20:G27) -> 0 | H28: =SUM(H20:H27) -> 0 | I28: =SUM(I20:I27) -> 0 | J28: =SUM(J20:J27) -> 0 | ... L28: =SUM(L20:L27) -> 0 | M28: =SUM(C28:L28) -> 0
A29: 26 | B29: Som-Chai 25kg bag | M29: =SUM(C29:L29) -> 0
A30: 27 | B30: Som-Chai G1 25kg bag | M30: =SUM(C30:L30) -> 0
A31: 28 | B31: Bread Improver- 01kg(LD-500) | M31: =SUM(C31:L31) -> 0
A32: 29 | B32: Bread Improver- 01kg(A-800) | M32: =SUM(C32:L32) -> 0
A33: 30 | B33: Som-Chai G2 25kg bag | M33: =SUM(C33:L33) -> 0
A34: 31 | B34: Som-Chai G2 1kg Pkt | M34: =SUM(C34:L34) -> 0
A35: 32 | B35: Som-Chai G2 350g Pkt | M35: =SUM(C35:L35) -> 0
A36: 33 | B36: Pan Grease- 5L | M36: =SUM(C36:L36) -> 0
A37: 34 | B37: Pan Grease- 20L | M37: =SUM(C37:L37) -> 0
A38: 35 | B38: Hybrid Noodles (Red) | M38: =SUM(C38:L38) -> 0
A39: 36 | B39: Isi PVD 400g | M39: =SUM(C39:L39) -> 0
A40: 37 | B40: Isi 1kg | M40: =SUM(C40:L40) -> 0
... A53: 50 | B53: Welcome Crystal 1 Kg | M53: =SUM(C53:L53) -> 0
A54: 51 | M54: =SUM(C54:L54) -> 0
A55: 52 | B55: Bundy Full | M55: =SUM(C55:L55) -> 0
A56: 53 | B56: Esi Salt 1Kg | M56: =SUM(C56:L56) -> 0
A57: 54 | B57: Salt Bulk | M57: =SUM(C57:L57) -> 0
A58: 55 | B58: Esi Rasa Mix - 500g | M58: =SUM(C58:L58) -> 0
A59: 56 | B59: Esi Rasa Mix - 6g | M59: =SUM(C59:L59) -> 0
A60: 57 | B60: Smart Soya & Star Soya | M60: =SUM(C60:L60) -> 0
A61: 58 | B61: Davani Batha | M61: =SUM(C61:L61) -> 0
A62: 59 | B62: Sauce New item | C62: =C72+C73+C74 -> 0 | D62: =D72+D73+D74 -> 0 | E62: =E72+E73+E74 -> 0 | F62: =F72+F73+F74 -> 0 | G62: =G72+G73+G74 -> 0 | H62: =H72+H73+H74 -> 0 | I62: =I72+I73+I74 -> 0 | M62: =SUM(C62:L62) -> 0
A63: 60 | B63: Vineger Bot Total | M63: =SUM(C63:L63) -> 0
A64: 61 | B64: Tomato Value | M64: =SUM(C64:L64) -> 0
A65: 62 | B65: Total Pc | M65: =SUM(C65:L65) -> 0
A66: 63 | B66: Total Value Rs. | M66: =SUM(C66:L66) -> 0
A67: 64 | B67: Warking Days | M67: =SUM(C67:L67) -> 0
A68: 65 | B68: Coffe Value | M68: =SUM(C68:L68) -> 0
A69: 66 | B69: Direct Achievement | M69: =SUM(C69:L69) -> 0
A70: 67 | B70: Free Issue Value | M70: =SUM(C70:L70) -> 0
A71: 68 | B71: Discount Value | M71: =SUM(C71:L71) -> 0
A72: 69 | B72: TOMATO SAUCE 1 LT | M72: =SUM(C72:L72) -> 0
A73: 70 | B73: TOMATO SAUCE 2LT | M73: =SUM(C73:L73) -> 0
A74: 71 | B74: TOMATO SAUCE 4LT | M74: =SUM(C74:L74) -> 0
... A103: 100 | B103: Triple Washed Crystal Salt 1kg | M103: =SUM(C103:L103) -> 0

Sheet 2
A1: Daily achievement sheet (Van/Cluster/Singel /Welimada/DLS Oparations)
A2: Sr | B2: Item Description | M2: ASE
B3: RMS Items | C3: Avissawella | D3: Rathnapura | E3: Hanwella | F3: Horana | G3: Balangoda | H3: Piliyandala | M3: Tatal (B)
A4: 1 | B4: High Sugar- 500gr (Angel) | M4: =SUM(C4:L4) -> 0
A5: 2 | B5: Low Sugar -450gr (Angle) | M5: =SUM(C5:L5) -> 0
A6: 3 | B6: Low Sugar -500gr (Angle) | M6: =SUM(C6:L6) -> 0
A7: 4 | B7: Gloripan Instant Dry Yeast (High Sugar) 500g | M7: =SUM(C7:L7) -> 0
A8: 5 | B8: Gloripan Instant Dry Yeast (Low Sugar) 500g | M8: =SUM(C8:L8) -> 0
A9: 6 | B9: 2 In 1 Yeast 500gr (Low Suger) | M9: =SUM(C9:L9) -> 0
A10: 7 | B10: 2 In 1 Yeast 500gr (High Suger) | M10: =SUM(C10:L10) -> 0
A11: 8 | B11: Bakery Yest total | C11: =SUM(C4:C10) -> 0 | D11: =SUM(D4:D10) -> 0 | E11: =SUM(E4:E10) -> 0 | F11: =SUM(F4:F10) -> 0 | G11: =SUM(G4:G10) -> 0 | H11: =SUM(H4:H10) -> 0 | I11: =SUM(I4:I10) -> 0 | J11: =SUM(J4:J10) -> 0 | ... L11: =SUM(L4:L10) -> 0 | M11: =SUM(C11:L11) -> 0
A12: 9 | B12: Instant Leaven -450gr | M12: =SUM(C12:L12) -> 0
A13: 10 | B13: Instant Leaven -500gr | M13: =SUM(C13:L13) -> 0
A14: 11 | B14: Leaven Total | C14: =SUM(C12:C13) -> 0 | D14: =SUM(D12:D13) -> 0 | E14: =SUM(E12:E13) -> 0 | F14: =SUM(F12:F13) -> 0 | G14: =SUM(G12:G13) -> 0 | H14: =SUM(H12:H13) -> 0 | I14: =SUM(I12:I13) -> 0 | J14: =SUM(J12:J13) -> 0 | ... L14: =SUM(L12:L13) -> 0 | M14: =SUM(C14:L14) -> 0
A15: 12 | B15: Shortening- 15 kg | M15: =SUM(C15:L15) -> 0
A16: 13 | B16: Total Yest | C16: =C11+C14 -> 0 | D16: =D11+D14 -> 0 | E16: =E11+E14 -> 0 | F16: =F11+F14 -> 0 | G16: =G11+G14 -> 0 | H16: =H11+H14 -> 0 | I16: =I11+I14 -> 0 | J16: =J11+J14 -> 0 | ... L16: =L11+L14 -> 0 | M16: =SUM(C16:L16) -> 0
A17: 14 | B17: Angle Dry Yeast 25g | M17: =SUM(C17:L17) -> 0
A18: 15 | B18: Angle Dry Yeast 50g | M18: =SUM(C18:L18) -> 0
A19: 16 | B19: Total Angle Dry Yeast | C19: =SUM(C17:C18) -> 0 | D19: =SUM(D17:D18) -> 0 | E19: =SUM(E17:E18) -> 0 | F19: =SUM(F17:F18) -> 0 | G19: =SUM(G17:G18) -> 0 | H19: =SUM(H17:H18) -> 0 | I19: =SUM(I17:I18) -> 0 | J19: =SUM(J17:J18) -> 0 | ... M19: =SUM(M17:M18) -> 0
A20: 17 | B20: Mitra Margerine (Bakers compound -15kg) | M20: =SUM(C20:L20) -> 0
A21: 18 | B21: Mitra Margerine (Blue Lable) - 15kg | M21: =SUM(C21:L21) -> 0
A22: 19 | B22: Mitra - (Bun Compound 15Kg) | M22: =SUM(C22:L22) -> 0
A23: 20 | B23: Bakers Star Multy Purpes 15kg | M23: =SUM(C23:L23) -> 0
A24: 21 | B24: Bakers Star Primum Cake 15kg | M24: =SUM(C24:L24) -> 0
A25: 22 | B25: Mitra 15Kg (Bread Compound 15Kg) | M25: =SUM(C25:L25) -> 0
A26: 23 | B26: Bakers Star Pastry Margareen 15kg | M26: =SUM(C26:L26) -> 0
A27: 24 | B27: Bakers Star Creming Fat Margareen 15kg | M27: =SUM(C27:L27) -> 0
A28: 25 | B28: Total Magrgering | C28: =SUM(C20:C27) -> 0 | D28: =SUM(D20:D27) -> 0 | E28: =SUM(E20:E27) -> 0 | F28: =SUM(F20:F27) -> 0 | G28: =SUM(G20:G27) -> 0 | H28: =SUM(H20:H27) -> 0 | I28: =SUM(I20:I27) -> 0 | J28: =SUM(J20:J27) -> 0 | ... L28: =SUM(L20:L27) -> 0 | M28: =SUM(C28:L28) -> 0
A29: 26 | B29: Som-Chai 25kg bag | M29: =SUM(C29:L29) -> 0
A30: 27 | B30: Som-Chai G1 25kg bag | M30: =SUM(C30:L30) -> 0
A31: 28 | B31: Bread Improver- 01kg(LD-500) | M31: =SUM(C31:L31) -> 0
A32: 29 | B32: Bread Improver- 01kg(A-800) | M32: =SUM(C32:L32) -> 0
A33: 30 | B33: Som-Chai G2 25kg bag | M33: =SUM(C33:L33) -> 0
A34: 31 | B34: Som-Chai G2 1kg Pkt | M34: =SUM(C34:L34) -> 0
A35: 32 | B35: Som-Chai G2 350g Pkt | M35: =SUM(C35:L35) -> 0
A36: 33 | B36: Pan Grease- 5L | M36: =SUM(C36:L36) -> 0
A37: 34 | B37: Pan Grease- 20L | M37: =SUM(C37:L37) -> 0
A38: 35 | B38: Hybrid Noodles (Red) | M38: =SUM(C38:L38) -> 0
A39: 36 | B39: Isi PVD 400g | M39: =SUM(C39:L39) -> 0
A40: 37 | B40: Isi 1kg | M40: =SUM(C40:L40) -> 0
... A53: 50 | B53: Welcome Crystal 1 Kg | M53: =SUM(C53:L53) -> 0
A54: 51 | M54: =SUM(C54:L54) -> 0
A55: 52 | B55: Bundy Full | M55: =SUM(C55:L55) -> 0
A56: 53 | B56: Esi Salt 1Kg | M56: =SUM(C56:L56) -> 0
A57: 54 | B57: Salt Bulk | M57: =SUM(C57:L57) -> 0
A58: 55 | B58: Esi Rasa Mix - 500g | M58: =SUM(C58:L58) -> 0
A59: 56 | B59: Esi Rasa Mix - 6g | M59: =SUM(C59:L59) -> 0
A60: 57 | B60: Smart Soya & Star Soya | M60: =SUM(C60:L60) -> 0
A61: 58 | B61: Davani Batha | M61: =SUM(C61:L61) -> 0
A62: 59 | B62: Sauce New item | C62: =C72+C73+C74 -> 0 | D62: =D72+D73+D74 -> 0 | E62: =E72+E73+E74 -> 0 | F62: =F72+F73+F74 -> 0 | G62: =G72+G73+G74 -> 0 | H62: =H72+H73+H74 -> 0 | I62: =I72+I73+I74 -> 0 | M62: =SUM(C62:L62) -> 0
A63: 60 | B63: Vineger Bot total | M63: =SUM(C63:L63) -> 0
A64: 61 | B64: Tomato Value | M64: =SUM(C64:L64) -> 0
A65: 62 | B65: Total Pc | M65: =SUM(C65:L65) -> 0
A66: 63 | B66: Total Value Rs. | M66: =SUM(C66:L66) -> 0
A67: 64 | B67: Warking Day | M67: =SUM(C67:L67) -> 0
A68: 65 | B68: Coffe Value | M68: =SUM(C68:L68) -> 0
A69: 66 | B69: Direct Achievement | M69: =SUM(C69:L69) -> 0
A70: 67 | B70: Free Issue Value | M70: =SUM(C70:L70) -> 0
A71: 68 | B71: Discount Value | M71: =SUM(C71:L71) -> 0
A72: 69 | B72: TOMATO SAUCE 1 LT | M72: =SUM(C72:L72) -> 0
A73: 70 | B73: TOMATO SAUCE 2LT | M73: =SUM(C73:L73) -> 0
A74: 71 | B74: TOMATO SAUCE 4LT | M74: =SUM(C74:L74) -> 0
... A103: 100 | B103: Triple Washed Crystal Salt 1kg | M103: =SUM(C103:L103) -> 0

Sheet 3
A1: Daily achievement sheet (Van/Cluster/Singel /Welimada/DLS Oparations)
A2: Sr | B2: Item Description | M2: ASE
B3: RMS Items | C3: Avissawella | D3: Rathnapura | E3: Hanwella | F3: Horana | G3: Balangoda | H3: Piliyandala | M3: Tatal (B)
A4: 1 | B4: High Sugar- 500gr (Angel) | M4: =SUM(C4:L4) -> 0
A5: 2 | B5: Low Sugar -450gr (Angle) | M5: =SUM(C5:L5) -> 0
A6: 3 | B6: Low Sugar -500gr (Angle) | M6: =SUM(C6:L6) -> 0
A7: 4 | B7: Gloripan Instant Dry Yeast (High Sugar) 500g | M7: =SUM(C7:L7) -> 0
A8: 5 | B8: Gloripan Instant Dry Yeast (Low Sugar) 500g | M8: =SUM(C8:L8) -> 0
A9: 6 | B9: 2 In 1 Yeast 500gr (Low Suger) | M9: =SUM(C9:L9) -> 0
A10: 7 | B10: 2 In 1 Yeast 500gr (High Suger) | M10: =SUM(C10:L10) -> 0
A11: 8 | B11: Bakery Yest total | C11: =SUM(C4:C10) -> 0 | D11: =SUM(D4:D10) -> 0 | E11: =SUM(E4:E10) -> 0 | F11: =SUM(F4:F10) -> 0 | G11: =SUM(G4:G10) -> 0 | H11: =SUM(H4:H10) -> 0 | I11: =SUM(I4:I10) -> 0 | J11: =SUM(J4:J10) -> 0 | ... L11: =SUM(L4:L10) -> 0 | M11: =SUM(C11:L11) -> 0
A12: 9 | B12: Instant Leaven -450gr | M12: =SUM(C12:L12) -> 0
A13: 10 | B13: Instant Leaven -500gr | M13: =SUM(C13:L13) -> 0
A14: 11 | B14: Leaven Total | C14: =SUM(C12:C13) -> 0 | D14: =SUM(D12:D13) -> 0 | E14: =SUM(E12:E13) -> 0 | F14: =SUM(F12:F13) -> 0 | G14: =SUM(G12:G13) -> 0 | H14: =SUM(H12:H13) -> 0 | I14: =SUM(I12:I13) -> 0 | J14: =SUM(J12:J13) -> 0 | ... L14: =SUM(L12:L13) -> 0 | M14: =SUM(C14:L14) -> 0
A15: 12 | B15: Shortening- 15 kg | M15: =SUM(C15:L15) -> 0
A16: 13 | B16: Total Yest | C16: =C11+C14 -> 0 | D16: =D11+D14 -> 0 | E16: =E11+E14 -> 0 | F16: =F11+F14 -> 0 | G16: =G11+G14 -> 0 | H16: =H11+H14 -> 0 | I16: =I11+I14 -> 0 | J16: =J11+J14 -> 0 | ... L16: =L11+L14 -> 0 | M16: =SUM(C16:L16) -> 0
A17: 14 | B17: Angle Dry Yeast 25g | M17: =SUM(C17:L17) -> 0
A18: 15 | B18: Angle Dry Yeast 50g | M18: =SUM(C18:L18) -> 0
A19: 16 | B19: Total Angle Dry Yeast | C19: =SUM(C17:C18) -> 0 | D19: =SUM(D17:D18) -> 0 | E19: =SUM(E17:E18) -> 0 | F19: =SUM(F17:F18) -> 0 | G19: =SUM(G17:G18) -> 0 | H19: =SUM(H17:H18) -> 0 | I19: =SUM(I17:I18) -> 0 | J19: =SUM(J17:J18) -> 0 | ... M19: =SUM(M17:M18) -> 0
A20: 17 | B20: Mitra Margerine (Bakers compound -15kg) | M20: =SUM(C20:L20) -> 0
A21: 18 | B21: Mitra Margerine (Blue Lable) - 15kg | M21: =SUM(C21:L21) -> 0
A22: 19 | B22: Mitra - (Bun Compound 15Kg) | M22: =SUM(C22:L22) -> 0
A23: 20 | B23: Bakers Star Multy Purpes 15kg | M23: =SUM(C23:L23) -> 0
A24: 21 | B24: Bakers Star Primum Cake 15kg | M24: =SUM(C24:L24) -> 0
A25: 22 | B25: Mitra 15Kg (Bread Compound 15Kg) | M25: =SUM(C25:L25) -> 0
A26: 23 | B26: Bakers Star Pastry Margareen 15kg | M26: =SUM(C26:L26) -> 0
A27: 24 | B27: Bakers Star Creming Fat Margareen 15kg | M27: =SUM(C27:L27) -> 0
A28: 25 | B28: Total Magrgering | C28: =SUM(C20:C27) -> 0 | D28: =SUM(D20:D27) -> 0 | E28: =SUM(E20:E27) -> 0 | F28: =SUM(F20:F27) -> 0 | G28: =SUM(G20:G27) -> 0 | H28: =SUM(H20:H27) -> 0 | I28: =SUM(I20:I27) -> 0 | J28: =SUM(J20:J27) -> 0 | ... L28: =SUM(L20:L27) -> 0 | M28: =SUM(C28:L28) -> 0
A29: 26 | B29: Som-Chai 25kg bag | M29: =SUM(C29:L29) -> 0
A30: 27 | B30: Som-Chai G1 25kg bag | M30: =SUM(C30:L30) -> 0
A31: 28 | B31: Bread Improver- 01kg(LD-500) | M31: =SUM(C31:L31) -> 0
A32: 29 | B32: Bread Improver- 01kg(A-800) | M32: =SUM(C32:L32) -> 0
A33: 30 | B33: Som-Chai G2 25kg bag | M33: =SUM(C33:L33) -> 0
A34: 31 | B34: Som-Chai G2 1kg Pkt | M34: =SUM(C34:L34) -> 0
A35: 32 | B35: Som-Chai G2 350g Pkt | M35: =SUM(C35:L35) -> 0
A36: 33 | B36: Pan Grease- 5L | M36: =SUM(C36:L36) -> 0
A37: 34 | B37: Pan Grease- 20L | M37: =SUM(C37:L37) -> 0
A38: 35 | B38: Hybrid Noodles (Red) | M38: =SUM(C38:L38) -> 0
A39: 36 | B39: Isi PVD 400g | M39: =SUM(C39:L39) -> 0
A40: 37 | B40: Isi 1kg | M40: =SUM(C40:L40) -> 0
... A53: 50 | B53: Welcome Crystal 1 Kg | M53: =SUM(C53:L53) -> 0
A54: 51 | M54: =SUM(C54:L54) -> 0
A55: 52 | B55: Bundy Full | M55: =SUM(C55:L55) -> 0
A56: 53 | B56: Esi Salt 1Kg | M56: =SUM(C56:L56) -> 0
A57: 54 | B57: Salt Bulk | M57: =SUM(C57:L57) -> 0
A58: 55 | B58: Esi Rasa Mix - 500g | M58: =SUM(C58:L58) -> 0
A59: 56 | B59: Esi Rasa Mix - 6g | M59: =SUM(C59:L59) -> 0
A60: 57 | B60: Smart Soya & Star Soya | M60: =SUM(C60:L60) -> 0
A61: 58 | B61: Davani Batha | M61: =SUM(C61:L61) -> 0
A62: 59 | B62: Sauce New item | C62: =C72+C73+C74 -> 0 | D62: =D72+D73+D74 -> 0 | E62: =E72+E73+E74 -> 0 | F62: =F72+F73+F74 -> 0 | G62: =G72+G73+G74 -> 0 | H62: =H72+H73+H74 -> 0 | I62: =I72+I73+I74 -> 0 | M62: =SUM(C62:L62) -> 0
A63: 60 | B63: Vineger Bot total | M63: =SUM(C63:L63) -> 0
A64: 61 | B64: Tomato Value | M64: =SUM(C64:L64) -> 0
A65: 62 | B65: Total Pc | M65: =SUM(C65:L65) -> 0
A66: 63 | B66: Total Value Rs. | M66: =SUM(C66:L66) -> 0
A67: 64 | B67: Warking Day | M67: =SUM(C67:L67) -> 0
A68: 65 | B68: Coffe Value | M68: =SUM(C68:L68) -> 0
A69: 66 | B69: Direct Achievement | M69: =SUM(C69:L69) -> 0
A70: 67 | B70: Free Issue Value | M70: =SUM(C70:L70) -> 0
A71: 68 | B71: Discount Value | M71: =SUM(C71:L71) -> 0
A72: 69 | B72: TOMATO SAUCE 1 LT | M72: =SUM(C72:L72) -> 0
A73: 70 | B73: TOMATO SAUCE 2LT | M73: =SUM(C73:L73) -> 0
A74: 71 | B74: TOMATO SAUCE 4LT | M74: =SUM(C74:L74) -> 0
... A103: 100 | B103: Triple Washed Crystal Salt 1kg | M103: =SUM(C103:L103) -> 0

Sheet 4
A1: Daily achievement sheet (Van/Cluster/Singel /Welimada/DLS Oparations)
A2: Sr | B2: Item Description | M2: ASE
B3: RMS Items | C3: Avissawella | D3: Rathnapura | E3: Hanwella | F3: Horana | G3: Balangoda | H3: Piliyandala | M3: Tatal (B)
A4: 1 | B4: High Sugar- 500gr (Angel) | M4: =SUM(C4:L4) -> 0
A5: 2 | B5: Low Sugar -450gr (Angle) | M5: =SUM(C5:L5) -> 0
A6: 3 | B6: Low Sugar -500gr (Angle) | M6: =SUM(C6:L6) -> 0
A7: 4 | B7: Gloripan Instant Dry Yeast (High Sugar) 500g | M7: =SUM(C7:L7) -> 0
A8: 5 | B8: Gloripan Instant Dry Yeast (Low Sugar) 500g | M8: =SUM(C8:L8) -> 0
A9: 6 | B9: 2 In 1 Yeast 500gr (Low Suger) | M9: =SUM(C9:L9) -> 0
A10: 7 | B10: 2 In 1 Yeast 500gr (High Suger) | M10: =SUM(C10:L10) -> 0
A11: 8 | B11: Bakery Yest total | C11: =SUM(C4:C10) -> 0 | D11: =SUM(D4:D10) -> 0 | E11: =SUM(E4:E10) -> 0 | F11: =SUM(F4:F10) -> 0 | G11: =SUM(G4:G10) -> 0 | H11: =SUM(H4:H10) -> 0 | I11: =SUM(I4:I10) -> 0 | J11: =SUM(J4:J10) -> 0 | ... L11: =SUM(L4:L10) -> 0 | M11: =SUM(C11:L11) -> 0
A12: 9 | B12: Instant Leaven -450gr | M12: =SUM(C12:L12) -> 0
A13: 10 | B13: Instant Leaven -500gr | M13: =SUM(C13:L13) -> 0
A14: 11 | B14: Leaven Total | C14: =SUM(C12:C13) -> 0 | D14: =SUM(D12:D13) -> 0 | E14: =SUM(E12:E13) -> 0 | F14: =SUM(F12:F13) -> 0 | G14: =SUM(G12:G13) -> 0 | H14: =SUM(H12:H13) -> 0 | I14: =SUM(I12:I13) -> 0 | J14: =SUM(J12:J13) -> 0 | ... L14: =SUM(L12:L13) -> 0 | M14: =SUM(C14:L14) -> 0
A15: 12 | B15: Shortening- 15 kg | M15: =SUM(C15:L15) -> 0
A16: 13 | B16: Total Yest | C16: =C11+C14 -> 0 | D16: =D11+D14 -> 0 | E16: =E11+E14 -> 0 | F16: =F11+F14 -> 0 | G16: =G11+G14 -> 0 | H16: =H11+H14 -> 0 | I16: =I11+I14 -> 0 | J16: =J11+J14 -> 0 | ... L16: =L11+L14 -> 0 | M16: =SUM(C16:L16) -> 0
A17: 14 | B17: Angle Dry Yeast 25g | M17: =SUM(C17:L17) -> 0
A18: 15 | B18: Angle Dry Yeast 50g | M18: =SUM(C18:L18) -> 0
A19: 16 | B19: Total Angle Dry Yeast | C19: =SUM(C17:C18) -> 0 | D19: =SUM(D17:D18) -> 0 | E19: =SUM(E17:E18) -> 0 | F19: =SUM(F17:F18) -> 0 | G19: =SUM(G17:G18) -> 0 | H19: =SUM(H17:H18) -> 0 | I19: =SUM(I17:I18) -> 0 | J19: =SUM(J17:J18) -> 0 | ... M19: =SUM(M17:M18) -> 0
A20: 17 | B20: Mitra Margerine (Bakers compound -15kg) | M20: =SUM(C20:L20) -> 0
A21: 18 | B21: Mitra Margerine (Blue Lable) - 15kg | M21: =SUM(C21:L21) -> 0
A22: 19 | B22: Mitra - (Bun Compound 15Kg) | M22: =SUM(C22:L22) -> 0
A23: 20 | B23: Bakers Star Multy Purpes 15kg | M23: =SUM(C23:L23) -> 0
A24: 21 | B24: Bakers Star Primum Cake 15kg | M24: =SUM(C24:L24) -> 0
A25: 22 | B25: Mitra 15Kg (Bread Compound 15Kg) | M25: =SUM(C25:L25) -> 0
A26: 23 | B26: Bakers Star Pastry Margareen 15kg | M26: =SUM(C26:L26) -> 0
A27: 24 | B27: Bakers Star Creming Fat Margareen 15kg | M27: =SUM(C27:L27) -> 0
A28: 25 | B28: Total Magrgering | C28: =SUM(C20:C27) -> 0 | D28: =SUM(D20:D27) -> 0 | E28: =SUM(E20:E27) -> 0 | F28: =SUM(F20:F27) -> 0 | G28: =SUM(G20:G27) -> 0 | H28: =SUM(H20:H27) -> 0 | I28: =SUM(I20:I27) -> 0 | J28: =SUM(J20:J27) -> 0 | ... L28: =SUM(L20:L27) -> 0 | M28: =SUM(C28:L28) -> 0
A29: 26 | B29: Som-Chai 25kg bag | M29: =SUM(C29:L29) -> 0
A30: 27 | B30: Som-Chai G1 25kg bag | M30: =SUM(C30:L30) -> 0
A31: 28 | B31: Bread Improver- 01kg(LD-500) | M31: =SUM(C31:L31) -> 0
A32: 29 | B32: Bread Improver- 01kg(A-800) | M32: =SUM(C32:L32) -> 0
A33: 30 | B33: Som-Chai G2 25kg bag | M33: =SUM(C33:L33) -> 0
A34: 31 | B34: Som-Chai G2 1kg Pkt | M34: =SUM(C34:L34) -> 0
A35: 32 | B35: Som-Chai G2 350g Pkt | M35: =SUM(C35:L35) -> 0
A36: 33 | B36: Pan Grease- 5L | M36: =SUM(C36:L36) -> 0
A37: 34 | B37: Pan Grease- 20L | M37: =SUM(C37:L37) -> 0
A38: 35 | B38: Hybrid Noodles (Red) | M38: =SUM(C38:L38) -> 0
A39: 36 | B39: Isi PVD 400g | M39: =SUM(C39:L39) -> 0
A40: 37 | B40: Isi 1kg | M40: =SUM(C40:L40) -> 0
... A53: 50 | B53: Welcome Crystal 1 Kg | M53: =SUM(C53:L53) -> 0
A54: 51 | M54: =SUM(C54:L54) -> 0
A55: 52 | B55: Bundy Full | M55: =SUM(C55:L55) -> 0
A56: 53 | B56: Esi Salt 1Kg | M56: =SUM(C56:L56) -> 0
A57: 54 | B57: Salt Bulk | M57: =SUM(C57:L57) -> 0
A58: 55 | B58: Esi Rasa Mix - 500g | M58: =SUM(C58:L58) -> 0
A59: 56 | B59: Esi Rasa Mix - 6g | M59: =SUM(C59:L59) -> 0
A60: 57 | B60: Smart Soya & Star Soya | M60: =SUM(C60:L60) -> 0
A61: 58 | B61: Davani Batha | M61: =SUM(C61:L61) -> 0
A62: 59 | B62: Sauce New item | C62: =C72+C73+C74 -> 0 | D62: =D72+D73+D74 -> 0 | E62: =E72+E73+E74 -> 0 | F62: =F72+F73+F74 -> 0 | G62: =G72+G73+G74 -> 0 | H62: =H72+H73+H74 -> 0 | I62: =I72+I73+I74 -> 0 | M62: =SUM(C62:L62) -> 0
A63: 60 | B63: Vineger Bot total | M63: =SUM(C63:L63) -> 0
A64: 61 | B64: Tomato Value | M64: =SUM(C64:L64) -> 0
A65: 62 | B65: Total Pc | M65: =SUM(C65:L65) -> 0
A66: 63 | B66: Total Value Rs. | M66: =SUM(C66:L66) -> 0
A67: 64 | B67: Warking Day | M67: =SUM(C67:L67) -> 0
A68: 65 | B68: Coffe Value | M68: =SUM(C68:L68) -> 0
A69: 66 | B69: Direct Achievement | M69: =SUM(C69:L69) -> 0
A70: 67 | B70: Free Issue Value | M70: =SUM(C70:L70) -> 0
A71: 68 | B71: Discount Value | M71: =SUM(C71:L71) -> 0
A72: 69 | B72: TOMATO SAUCE 1 LT | M72: =SUM(C72:L72) -> 0
A73: 70 | B73: TOMATO SAUCE 2LT | M73: =SUM(C73:L73) -> 0
A74: 71 | B74: TOMATO SAUCE 4LT | M74: =SUM(C74:L74) -> 0
... A103: 100 | B103: Triple Washed Crystal Salt 1kg | M103: =SUM(C103:L103) -> 0

Sheet 5
A1: Daily achievement sheet (Van/Cluster/Singel /Welimada/DLS Oparations)
A2: Sr | B2: Item Description | M2: ASE
B3: RMS Items | C3: Avissawella | D3: Rathnapura | E3: Hanwella | F3: Horana | G3: Balangoda | H3: Piliyandala | M3: Tatal (B)
A4: 1 | B4: High Sugar- 500gr (Angel) | M4: =SUM(C4:L4) -> 0
A5: 2 | B5: Low Sugar -450gr (Angle) | M5: =SUM(C5:L5) -> 0
A6: 3 | B6: Low Sugar -500gr (Angle) | M6: =SUM(C6:L6) -> 0
A7: 4 | B7: Gloripan Instant Dry Yeast (High Sugar) 500g | M7: =SUM(C7:L7) -> 0
A8: 5 | B8: Gloripan Instant Dry Yeast (Low Sugar) 500g | M8: =SUM(C8:L8) -> 0
A9: 6 | B9: 2 In 1 Yeast 500gr (Low Suger) | M9: =SUM(C9:L9) -> 0
A10: 7 | B10: 2 In 1 Yeast 500gr (High Suger) | M10: =SUM(C10:L10) -> 0
A11: 8 | B11: Bakery Yest total | C11: =SUM(C4:C10) -> 0 | D11: =SUM(D4:D10) -> 0 | E11: =SUM(E4:E10) -> 0 | F11: =SUM(F4:F10) -> 0 | G11: =SUM(G4:G10) -> 0 | H11: =SUM(H4:H10) -> 0 | I11: =SUM(I4:I10) -> 0 | J11: =SUM(J4:J10) -> 0 | ... L11: =SUM(L4:L10) -> 0 | M11: =SUM(C11:L11) -> 0
A12: 9 | B12: Instant Leaven -450gr | M12: =SUM(C12:L12) -> 0
A13: 10 | B13: Instant Leaven -500gr | M13: =SUM(C13:L13) -> 0
A14: 11 | B14: Leaven Total | C14: =SUM(C12:C13) -> 0 | D14: =SUM(D12:D13) -> 0 | E14: =SUM(E12:E13) -> 0 | F14: =SUM(F12:F13) -> 0 | G14: =SUM(G12:G13) -> 0 | H14: =SUM(H12:H13) -> 0 | I14: =SUM(I12:I13) -> 0 | J14: =SUM(J12:J13) -> 0 | ... L14: =SUM(L12:L13) -> 0 | M14: =SUM(C14:L14) -> 0
A15: 12 | B15: Shortening- 15 kg | M15: =SUM(C15:L15) -> 0
A16: 13 | B16: Total Yest | C16: =C11+C14 -> 0 | D16: =D11+D14 -> 0 | E16: =E11+E14 -> 0 | F16: =F11+F14 -> 0 | G16: =G11+G14 -> 0 | H16: =H11+H14 -> 0 | I16: =I11+I14 -> 0 | J16: =J11+J14 -> 0 | ... L16: =L11+L14 -> 0 | M16: =SUM(C16:L16) -> 0
A17: 14 | B17: Angle Dry Yeast 25g | M17: =SUM(C17:L17) -> 0
A18: 15 | B18: Angle Dry Yeast 50g | M18: =SUM(C18:L18) -> 0
A19: 16 | B19: Total Angle Dry Yeast | C19: =SUM(C17:C18) -> 0 | D19: =SUM(D17:D18) -> 0 | E19: =SUM(E17:E18) -> 0 | F19: =SUM(F17:F18) -> 0 | G19: =SUM(G17:G18) -> 0 | H19: =SUM(H17:H18) -> 0 | I19: =SUM(I17:I18) -> 0 | J19: =SUM(J17:J18) -> 0 | ... M19: =SUM(M17:M18) -> 0
A20: 17 | B20: Mitra Margerine (Bakers compound -15kg) | M20: =SUM(C20:L20) -> 0
A21: 18 | B21: Mitra Margerine (Blue Lable) - 15kg | M21: =SUM(C21:L21) -> 0
A22: 19 | B22: Mitra - (Bun Compound 15Kg) | M22: =SUM(C22:L22) -> 0
A23: 20 | B23: Bakers Star Multy Purpes 15kg | M23: =SUM(C23:L23) -> 0
A24: 21 | B24: Bakers Star Primum Cake 15kg | M24: =SUM(C24:L24) -> 0
A25: 22 | B25: Mitra 15Kg (Bread Compound 15Kg) | M25: =SUM(C25:L25) -> 0
A26: 23 | B26: Bakers Star Pastry Margareen 15kg | M26: =SUM(C26:L26) -> 0
A27: 24 | B27: Bakers Star Creming Fat Margareen 15kg | M27: =SUM(C27:L27) -> 0
A28: 25 | B28: Total Magrgering | C28: =SUM(C20:C27) -> 0 | D28: =SUM(D20:D27) -> 0 | E28: =SUM(E20:E27) -> 0 | F28: =SUM(F20:F27) -> 0 | G28: =SUM(G20:G27) -> 0 | H28: =SUM(H20:H27) -> 0 | I28: =SUM(I20:I27) -> 0 | J28: =SUM(J20:J27) -> 0 | ... L28: =SUM(L20:L27) -> 0 | M28: =SUM(C28:L28) -> 0
A29: 26 | B29: Som-Chai 25kg bag | M29: =SUM(C29:L29) -> 0
A30: 27 | B30: Som-Chai G1 25kg bag | M30: =SUM(C30:L30) -> 0
A31: 28 | B31: Bread Improver- 01kg(LD-500) | M31: =SUM(C31:L31) -> 0
A32: 29 | B32: Bread Improver- 01kg(A-800) | M32: =SUM(C32:L32) -> 0
A33: 30 | B33: Som-Chai G2 25kg bag | M33: =SUM(C33:L33) -> 0
A34: 31 | B34: Som-Chai G2 1kg Pkt | M34: =SUM(C34:L34) -> 0
A35: 32 | B35: Som-Chai G2 350g Pkt | M35: =SUM(C35:L35) -> 0
A36: 33 | B36: Pan Grease- 5L | M36: =SUM(C36:L36) -> 0
A37: 34 | B37: Pan Grease- 20L | M37: =SUM(C37:L37) -> 0
A38: 35 | B38: Hybrid Noodles (Red) | M38: =SUM(C38:L38) -> 0
A39: 36 | B39: Isi PVD 400g | M39: =SUM(C39:L39) -> 0
A40: 37 | B40: Isi 1kg | M40: =SUM(C40:L40) -> 0
... A53: 50 | B53: Welcome Crystal 1 Kg | M53: =SUM(C53:L53) -> 0
A54: 51 | M54: =SUM(C54:L54) -> 0
A55: 52 | B55: Bundy Full | M55: =SUM(C55:L55) -> 0
A56: 53 | B56: Esi Salt 1Kg | M56: =SUM(C56:L56) -> 0
A57: 54 | B57: Salt Bulk | M57: =SUM(C57:L57) -> 0
A58: 55 | B58: Esi Rasa Mix - 500g | M58: =SUM(C58:L58) -> 0
A59: 56 | B59: Esi Rasa Mix - 6g | M59: =SUM(C59:L59) -> 0
A60: 57 | B60: Smart Soya & Star Soya | M60: =SUM(C60:L60) -> 0
A61: 58 | B61: Davani Batha | M61: =SUM(C61:L61) -> 0
A62: 59 | B62: Sauce New item | C62: =C72+C73+C74 -> 0 | D62: =D72+D73+D74 -> 0 | E62: =E72+E73+E74 -> 0 | F62: =F72+F73+F74 -> 0 | G62: =G72+G73+G74 -> 0 | H62: =H72+H73+H74 -> 0 | I62: =I72+I73+I74 -> 0 | M62: =SUM(C62:L62) -> 0
A63: 60 | B63: Vineger Bot total | M63: =SUM(C63:L63) -> 0
A64: 61 | B64: Tomato Value | M64: =SUM(C64:L64) -> 0
A65: 62 | B65: Total Pc | M65: =SUM(C65:L65) -> 0
A66: 63 | B66: Total Value Rs. | M66: =SUM(C66:L66) -> 0
A67: 64 | B67: Warking Day | M67: =SUM(C67:L67) -> 0
A68: 65 | B68: Coffe Value | M68: =SUM(C68:L68) -> 0
A69: 66 | B69: Direct Achievement | M69: =SUM(C69:L69) -> 0
A70: 67 | B70: Free Issue Value | M70: =SUM(C70:L70) -> 0
A71: 68 | B71: Discount Value | M71: =SUM(C71:L71) -> 0
A72: 69 | B72: TOMATO SAUCE 1 LT | M72: =SUM(C72:L72) -> 0
A73: 70 | B73: TOMATO SAUCE 2LT | M73: =SUM(C73:L73) -> 0
A74: 71 | B74: TOMATO SAUCE 4LT | M74: =SUM(C74:L74) -> 0
... A103: 100 | B103: Triple Washed Crystal Salt 1kg | M103: =SUM(C103:L103) -> 0

Sheet 6
A1: Daily achievement sheet (Van/Cluster/Singel /Welimada/DLS Oparations)
A2: Sr | B2: Item Description | M2: ASE
B3: RMS Items | C3: Avissawella | D3: Rathnapura | E3: Hanwella | F3: Horana | G3: Balangoda | H3: Piliyandala | M3: Tatal (B)
A4: 1 | B4: High Sugar- 500gr (Angel) | M4: =SUM(C4:L4) -> 0
A5: 2 | B5: Low Sugar -450gr (Angle) | M5: =SUM(C5:L5) -> 0
A6: 3 | B6: Low Sugar -500gr (Angle) | M6: =SUM(C6:L6) -> 0
A7: 4 | B7: Gloripan Instant Dry Yeast (High Sugar) 500g | M7: =SUM(C7:L7) -> 0
A8: 5 | B8: Gloripan Instant Dry Yeast (Low Sugar) 500g | M8: =SUM(C8:L8) -> 0
A9: 6 | B9: 2 In 1 Yeast 500gr (Low Suger) | M9: =SUM(C9:L9) -> 0
A10: 7 | B10: 2 In 1 Yeast 500gr (High Suger) | M10: =SUM(C10:L10) -> 0
A11: 8 | B11: Bakery Yest total | C11: =SUM(C4:C10) -> 0 | D11: =SUM(D4:D10) -> 0 | E11: =SUM(E4:E10) -> 0 | F11: =SUM(F4:F10) -> 0 | G11: =SUM(G4:G10) -> 0 | H11: =SUM(H4:H10) -> 0 | I11: =SUM(I4:I10) -> 0 | J11: =SUM(J4:J10) -> 0 | ... L11: =SUM(L4:L10) -> 0 | M11: =SUM(C11:L11) -> 0
A12: 9 | B12: Instant Leaven -450gr | M12: =SUM(C12:L12) -> 0
A13: 10 | B13: Instant Leaven -500gr | M13: =SUM(C13:L13) -> 0
A14: 11 | B14: Leaven Total | C14: =SUM(C12:C13) -> 0 | D14: =SUM(D12:D13) -> 0 | E14: =SUM(E12:E13) -> 0 | F14: =SUM(F12:F13) -> 0 | G14: =SUM(G12:G13) -> 0 | H14: =SUM(H12:H13) -> 0 | I14: =SUM(I12:I13) -> 0 | J14: =SUM(J12:J13) -> 0 | ... L14: =SUM(L12:L13) -> 0 | M14: =SUM(C14:L14) -> 0
A15: 12 | B15: Shortening- 15 kg | M15: =SUM(C15:L15) -> 0
A16: 13 | B16: Total Yest | C16: =C11+C14 -> 0 | D16: =D11+D14 -> 0 | E16: =E11+E14 -> 0 | F16: =F11+F14 -> 0 | G16: =G11+G14 -> 0 | H16: =H11+H14 -> 0 | I16: =I11+I14 -> 0 | J16: =J11+J14 -> 0 | ... L16: =L11+L14 -> 0 | M16: =SUM(C16:L16) -> 0
A17: 14 | B17: Angle Dry Yeast 25g | M17: =SUM(C17:L17) -> 0
A18: 15 | B18: Angle Dry Yeast 50g | M18: =SUM(C18:L18) -> 0
A19: 16 | B19: Total Angle Dry Yeast | C19: =SUM(C17:C18) -> 0 | D19: =SUM(D17:D18) -> 0 | E19: =SUM(E17:E18) -> 0 | F19: =SUM(F17:F18) -> 0 | G19: =SUM(G17:G18) -> 0 | H19: =SUM(H17:H18) -> 0 | I19: =SUM(I17:I18) -> 0 | J19: =SUM(J17:J18) -> 0 | ... M19: =SUM(M17:M18) -> 0
A20: 17 | B20: Mitra Margerine (Bakers compound -15kg) | M20: =SUM(C20:L20) -> 0
A21: 18 | B21: Mitra Margerine (Blue Lable) - 15kg | M21: =SUM(C21:L21) -> 0
A22: 19 | B22: Mitra - (Bun Compound 15Kg) | M22: =SUM(C22:L22) -> 0
A23: 20 | B23: Bakers Star Multy Purpes 15kg | M23: =SUM(C23:L23) -> 0
A24: 21 | B24: Bakers Star Primum Cake 15kg | M24: =SUM(C24:L24) -> 0
A25: 22 | B25: Mitra 15Kg (Bread Compound 15Kg) | M25: =SUM(C25:L25) -> 0
A26: 23 | B26: Bakers Star Pastry Margareen 15kg | M26: =SUM(C26:L26) -> 0
A27: 24 | B27: Bakers Star Creming Fat Margareen 15kg | M27: =SUM(C27:L27) -> 0
A28: 25 | B28: Total Magrgering | C28: =SUM(C20:C27) -> 0 | D28: =SUM(D20:D27) -> 0 | E28: =SUM(E20:E27) -> 0 | F28: =SUM(F20:F27) -> 0 | G28: =SUM(G20:G27) -> 0 | H28: =SUM(H20:H27) -> 0 | I28: =SUM(I20:I27) -> 0 | J28: =SUM(J20:J27) -> 0 | ... L28: =SUM(L20:L27) -> 0 | M28: =SUM(C28:L28) -> 0
A29: 26 | B29: Som-Chai 25kg bag | M29: =SUM(C29:L29) -> 0
A30: 27 | B30: Som-Chai G1 25kg bag | M30: =SUM(C30:L30) -> 0
A31: 28 | B31: Bread Improver- 01kg(LD-500) | M31: =SUM(C31:L31) -> 0
A32: 29 | B32: Bread Improver- 01kg(A-800) | M32: =SUM(C32:L32) -> 0
A33: 30 | B33: Som-Chai G2 25kg bag | M33: =SUM(C33:L33) -> 0
A34: 31 | B34: Som-Chai G2 1kg Pkt | M34: =SUM(C34:L34) -> 0
A35: 32 | B35: Som-Chai G2 350g Pkt | M35: =SUM(C35:L35) -> 0
A36: 33 | B36: Pan Grease- 5L | M36: =SUM(C36:L36) -> 0
A37: 34 | B37: Pan Grease- 20L | M37: =SUM(C37:L37) -> 0
A38: 35 | B38: Hybrid Noodles (Red) | M38: =SUM(C38:L38) -> 0
A39: 36 | B39: Isi PVD 400g | M39: =SUM(C39:L39) -> 0
A40: 37 | B40: Isi 1kg | M40: =SUM(C40:L40) -> 0
... A53: 50 | B53: Welcome Crystal 1 Kg | M53: =SUM(C53:L53) -> 0
A54: 51 | M54: =SUM(C54:L54) -> 0
A55: 52 | B55: Bundy Full | M55: =SUM(C55:L55) -> 0
A56: 53 | B56: Esi Salt 1Kg | M56: =SUM(C56:L56) -> 0
A57: 54 | B57: Salt Bulk | M57: =SUM(C57:L57) -> 0
A58: 55 | B58: Esi Rasa Mix - 500g | M58: =SUM(C58:L58) -> 0
A59: 56 | B59: Esi Rasa Mix - 6g | M59: =SUM(C59:L59) -> 0
A60: 57 | B60: Smart Soya & Star Soya | M60: =SUM(C60:L60) -> 0
A61: 58 | B61: Davani Batha | M61: =SUM(C61:L61) -> 0
A62: 59 | B62: Sauce New item | C62: =C72+C73+C74 -> 0 | D62: =D72+D73+D74 -> 0 | E62: =E72+E73+E74 -> 0 | F62: =F72+F73+F74 -> 0 | G62: =G72+G73+G74 -> 0 | H62: =H72+H73+H74 -> 0 | I62: =I72+I73+I74 -> 0 | M62: =SUM(C62:L62) -> 0
A63: 60 | B63: Vineger Bot total | M63: =SUM(C63:L63) -> 0
A64: 61 | B64: Tomato Value | M64: =SUM(C64:L64) -> 0
A65: 62 | B65: Total Pc | M65: =SUM(C65:L65) -> 0
A66: 63 | B66: Total Value Rs. | M66: =SUM(C66:L66) -> 0
A67: 64 | B67: Warking Day | M67: =SUM(C67:L67) -> 0
A68: 65 | B68: Coffe Value | M68: =SUM(C68:L68) -> 0
A69: 66 | B69: Direct Achievement | M69: =SUM(C69:L69) -> 0
A70: 67 | B70: Free Issue Value | M70: =SUM(C70:L70) -> 0
A71: 68 | B71: Discount Value | M71: =SUM(C71:L71) -> 0
A72: 69 | B72: TOMATO SAUCE 1 LT | M72: =SUM(C72:L72) -> 0
A73: 70 | B73: TOMATO SAUCE 2LT | M73: =SUM(C73:L73) -> 0
A74: 71 | B74: TOMATO SAUCE 4LT | M74: =SUM(C74:L74) -> 0
... A103: 100 | B103: Triple Washed Crystal Salt 1kg | M103: =SUM(C103:L103) -> 0

Sheet 7
A1: Daily achievement sheet (Van/Cluster/Singel /Welimada/DLS Oparations)
A2: Sr | B2: Item Description | M2: ASE
B3: RMS Items | C3: Avissawella | D3: Rathnapura | E3: Hanwella | F3: Horana | G3: Balangoda | H3: Piliyandala | M3: Tatal (B)
A4: 1 | B4: High Sugar- 500gr (Angel) | M4: =SUM(C4:L4) -> 0
A5: 2 | B5: Low Sugar -450gr (Angle) | M5: =SUM(C5:L5) -> 0
A6: 3 | B6: Low Sugar -500gr (Angle) | M6: =SUM(C6:L6) -> 0
A7: 4 | B7: Gloripan Instant Dry Yeast (High Sugar) 500g | M7: =SUM(C7:L7) -> 0
A8: 5 | B8: Gloripan Instant Dry Yeast (Low Sugar) 500g | M8: =SUM(C8:L8) -> 0
A9: 6 | B9: 2 In 1 Yeast 500gr (Low Suger) | M9: =SUM(C9:L9) -> 0
A10: 7 | B10: 2 In 1 Yeast 500gr (High Suger) | M10: =SUM(C10:L10) -> 0
A11: 8 | B11: Bakery Yest total | C11: =SUM(C4:C10) -> 0 | D11: =SUM(D4:D10) -> 0 | E11: =SUM(E4:E10) -> 0 | F11: =SUM(F4:F10) -> 0 | G11: =SUM(G4:G10) -> 0 | H11: =SUM(H4:H10) -> 0 | I11: =SUM(I4:I10) -> 0 | J11: =SUM(J4:J10) -> 0 | ... L11: =SUM(L4:L10) -> 0 | M11: =SUM(C11:L11) -> 0
A12: 9 | B12: Instant Leaven -450gr | M12: =SUM(C12:L12) -> 0
A13: 10 | B13: Instant Leaven -500gr | M13: =SUM(C13:L13) -> 0
A14: 11 | B14: Leaven Total | C14: =SUM(C12:C13) -> 0 | D14: =SUM(D12:D13) -> 0 | E14: =SUM(E12:E13) -> 0 | F14: =SUM(F12:F13) -> 0 | G14: =SUM(G12:G13) -> 0 | H14: =SUM(H12:H13) -> 0 | I14: =SUM(I12:I13) -> 0 | J14: =SUM(J12:J13) -> 0 | ... L14: =SUM(L12:L13) -> 0 | M14: =SUM(C14:L14) -> 0
A15: 12 | B15: Shortening- 15 kg | M15: =SUM(C15:L15) -> 0
A16: 13 | B16: Total Yest | C16: =C11+C14 -> 0 | D16: =D11+D14 -> 0 | E16: =E11+E14 -> 0 | F16: =F11+F14 -> 0 | G16: =G11+G14 -> 0 | H16: =H11+H14 -> 0 | I16: =I11+I14 -> 0 | J16: =J11+J14 -> 0 | ... L16: =L11+L14 -> 0 | M16: =SUM(C16:L16) -> 0
A17: 14 | B17: Angle Dry Yeast 25g | M17: =SUM(C17:L17) -> 0
A18: 15 | B18: Angle Dry Yeast 50g | M18: =SUM(C18:L18) -> 0
A19: 16 | B19: Total Angle Dry Yeast | C19: =SUM(C17:C18) -> 0 | D19: =SUM(D17:D18) -> 0 | E19: =SUM(E17:E18) -> 0 | F19: =SUM(F17:F18) -> 0 | G19: =SUM(G17:G18) -> 0 | H19: =SUM(H17:H18) -> 0 | I19: =SUM(I17:I18) -> 0 | J19: =SUM(J17:J18) -> 0 | ... M19: =SUM(M17:M18) -> 0
A20: 17 | B20: Mitra Margerine (Bakers compound -15kg) | M20: =SUM(C20:L20) -> 0
A21: 18 | B21: Mitra Margerine (Blue Lable) - 15kg | M21: =SUM(C21:L21) -> 0
A22: 19 | B22: Mitra - (Bun Compound 15Kg) | M22: =SUM(C22:L22) -> 0
A23: 20 | B23: Bakers Star Multy Purpes 15kg | M23: =SUM(C23:L23) -> 0
A24: 21 | B24: Bakers Star Primum Cake 15kg | M24: =SUM(C24:L24) -> 0
A25: 22 | B25: Mitra 15Kg (Bread Compound 15Kg) | M25: =SUM(C25:L25) -> 0
A26: 23 | B26: Bakers Star Pastry Margareen 15kg | M26: =SUM(C26:L26) -> 0
A27: 24 | B27: Bakers Star Creming Fat Margareen 15kg | M27: =SUM(C27:L27) -> 0
A28: 25 | B28: Total Magrgering | C28: =SUM(C20:C27) -> 0 | D28: =SUM(D20:D27) -> 0 | E28: =SUM(E20:E27) -> 0 | F28: =SUM(F20:F27) -> 0 | G28: =SUM(G20:G27) -> 0 | H28: =SUM(H20:H27) -> 0 | I28: =SUM(I20:I27) -> 0 | J28: =SUM(J20:J27) -> 0 | ... L28: =SUM(L20:L27) -> 0 | M28: =SUM(C28:L28) -> 0
A29: 26 | B29: Som-Chai 25kg bag | M29: =SUM(C29:L29) -> 0
A30: 27 | B30: Som-Chai G1 25kg bag | M30: =SUM(C30:L30) -> 0
A31: 28 | B31: Bread Improver- 01kg(LD-500) | M31: =SUM(C31:L31) -> 0
A32: 29 | B32: Bread Improver- 01kg(A-800) | M32: =SUM(C32:L32) -> 0
A33: 30 | B33: Som-Chai G2 25kg bag | M33: =SUM(C33:L33) -> 0
A34: 31 | B34: Som-Chai G2 1kg Pkt | M34: =SUM(C34:L34) -> 0
A35: 32 | B35: Som-Chai G2 350g Pkt | M35: =SUM(C35:L35) -> 0
A36: 33 | B36: Pan Grease- 5L | M36: =SUM(C36:L36) -> 0
A37: 34 | B37: Pan Grease- 20L | M37: =SUM(C37:L37) -> 0
A38: 35 | B38: Hybrid Noodles (Red) | M38: =SUM(C38:L38) -> 0
A39: 36 | B39: Isi PVD 400g | M39: =SUM(C39:L39) -> 0
A40: 37 | B40: Isi 1kg | M40: =SUM(C40:L40) -> 0
... A53: 50 | B53: Welcome Crystal 1 Kg | M53: =SUM(C53:L53) -> 0
A54: 51 | M54: =SUM(C54:L54) -> 0
A55: 52 | B55: Bundy Full | M55: =SUM(C55:L55) -> 0
A56: 53 | B56: Esi Salt 1Kg | M56: =SUM(C56:L56) -> 0
A57: 54 | B57: Salt Bulk | M57: =SUM(C57:L57) -> 0
A58: 55 | B58: Esi Rasa Mix - 500g | M58: =SUM(C58:L58) -> 0
A59: 56 | B59: Esi Rasa Mix - 6g | M59: =SUM(C59:L59) -> 0
A60: 57 | B60: Smart Soya & Star Soya | M60: =SUM(C60:L60) -> 0
A61: 58 | B61: Davani Batha | M61: =SUM(C61:L61) -> 0
A62: 59 | B62: Sauce New item | C62: =C72+C73+C74 -> 0 | D62: =D72+D73+D74 -> 0 | E62: =E72+E73+E74 -> 0 | F62: =F72+F73+F74 -> 0 | G62: =G72+G73+G74 -> 0 | H62: =H72+H73+H74 -> 0 | I62: =I72+I73+I74 -> 0 | M62: =SUM(C62:L62) -> 0
A63: 60 | B63: Vineger Bot total | M63: =SUM(C63:L63) -> 0
A64: 61 | B64: Tomato Value | M64: =SUM(C64:L64) -> 0
A65: 62 | B65: Total Pc | M65: =SUM(C65:L65) -> 0
A66: 63 | B66: Total Value Rs. | M66: =SUM(C66:L66) -> 0
A67: 64 | B67: Warking Day | M67: =SUM(C67:L67) -> 0
A68: 65 | B68: Coffe Value | M68: =SUM(C68:L68) -> 0
A69: 66 | B69: Direct Achievement | M69: =SUM(C69:L69) -> 0
A70: 67 | B70: Free Issue Value | M70: =SUM(C70:L70) -> 0
A71: 68 | B71: Discount Value | M71: =SUM(C71:L71) -> 0
A72: 69 | B72: TOMATO SAUCE 1 LT | M72: =SUM(C72:L72) -> 0
A73: 70 | B73: TOMATO SAUCE 2LT | M73: =SUM(C73:L73) -> 0
A74: 71 | B74: TOMATO SAUCE 4LT | M74: =SUM(C74:L74) -> 0
... A103: 100 | B103: Triple Washed Crystal Salt 1kg | M103: =SUM(C103:L103) -> 0

Sheet 8
A1: Daily achievement sheet (Van/Cluster/Singel /Welimada/DLS Oparations)
A2: Sr | B2: Item Description | M2: ASE
B3: RMS Items | C3: Avissawella | D3: Rathnapura | E3: Hanwella | F3: Horana | G3: Balangoda | H3: Piliyandala | M3: Tatal (B)
A4: 1 | B4: High Sugar- 500gr (Angel) | M4: =SUM(C4:L4) -> 0
A5: 2 | B5: Low Sugar -450gr (Angle) | M5: =SUM(C5:L5) -> 0
A6: 3 | B6: Low Sugar -500gr (Angle) | M6: =SUM(C6:L6) -> 0
A7: 4 | B7: Gloripan Instant Dry Yeast (High Sugar) 500g | M7: =SUM(C7:L7) -> 0
A8: 5 | B8: Gloripan Instant Dry Yeast (Low Sugar) 500g | M8: =SUM(C8:L8) -> 0
A9: 6 | B9: 2 In 1 Yeast 500gr (Low Suger) | M9: =SUM(C9:L9) -> 0
A10: 7 | B10: 2 In 1 Yeast 500gr (High Suger) | M10: =SUM(C10:L10) -> 0
A11: 8 | B11: Bakery Yest total | C11: =SUM(C4:C10) -> 0 | D11: =SUM(D4:D10) -> 0 | E11: =SUM(E4:E10) -> 0 | F11: =SUM(F4:F10) -> 0 | G11: =SUM(G4:G10) -> 0 | H11: =SUM(H4:H10) -> 0 | I11: =SUM(I4:I10) -> 0 | J11: =SUM(J4:J10) -> 0 | ... L11: =SUM(L4:L10) -> 0 | M11: =SUM(C11:L11) -> 0
A12: 9 | B12: Instant Leaven -450gr | M12: =SUM(C12:L12) -> 0
A13: 10 | B13: Instant Leaven -500gr | M13: =SUM(C13:L13) -> 0
A14: 11 | B14: Leaven Total | C14: =SUM(C12:C13) -> 0 | D14: =SUM(D12:D13) -> 0 | E14: =SUM(E12:E13) -> 0 | F14: =SUM(F12:F13) -> 0 | G14: =SUM(G12:G13) -> 0 | H14: =SUM(H12:H13) -> 0 | I14: =SUM(I12:I13) -> 0 | J14: =SUM(J12:J13) -> 0 | ... L14: =SUM(L12:L13) -> 0 | M14: =SUM(C14:L14) -> 0
A15: 12 | B15: Shortening- 15 kg | M15: =SUM(C15:L15) -> 0
A16: 13 | B16: Total Yest | C16: =C11+C14 -> 0 | D16: =D11+D14 -> 0 | E16: =E11+E14 -> 0 | F16: =F11+F14 -> 0 | G16: =G11+G14 -> 0 | H16: =H11+H14 -> 0 | I16: =I11+I14 -> 0 | J16: =J11+J14 -> 0 | ... L16: =L11+L14 -> 0 | M16: =SUM(C16:L16) -> 0
A17: 14 | B17: Angle Dry Yeast 25g | M17: =SUM(C17:L17) -> 0
A18: 15 | B18: Angle Dry Yeast 50g | M18: =SUM(C18:L18) -> 0
A19: 16 | B19: Total Angle Dry Yeast | C19: =SUM(C17:C18) -> 0 | D19: =SUM(D17:D18) -> 0 | E19: =SUM(E17:E18) -> 0 | F19: =SUM(F17:F18) -> 0 | G19: =SUM(G17:G18) -> 0 | H19: =SUM(H17:H18) -> 0 | I19: =SUM(I17:I18) -> 0 | J19: =SUM(J17:J18) -> 0 | ... M19: =SUM(M17:M18) -> 0
A20: 17 | B20: Mitra Margerine (Bakers compound -15kg) | M20: =SUM(C20:L20) -> 0
A21: 18 | B21: Mitra Margerine (Blue Lable) - 15kg | M21: =SUM(C21:L21) -> 0
A22: 19 | B22: Mitra - (Bun Compound 15Kg) | M22: =SUM(C22:L22) -> 0
A23: 20 | B23: Bakers Star Multy Purpes 15kg | M23: =SUM(C23:L23) -> 0
A24: 21 | B24: Bakers Star Primum Cake 15kg | M24: =SUM(C24:L24) -> 0
A25: 22 | B25: Mitra 15Kg (Bread Compound 15Kg) | M25: =SUM(C25:L25) -> 0
A26: 23 | B26: Bakers Star Pastry Margareen 15kg | M26: =SUM(C26:L26) -> 0
A27: 24 | B27: Bakers Star Creming Fat Margareen 15kg | M27: =SUM(C27:L27) -> 0
A28: 25 | B28: Total Magrgering | C28: =SUM(C20:C27) -> 0 | D28: =SUM(D20:D27) -> 0 | E28: =SUM(E20:E27) -> 0 | F28: =SUM(F20:F27) -> 0 | G28: =SUM(G20:G27) -> 0 | H28: =SUM(H20:H27) -> 0 | I28: =SUM(I20:I27) -> 0 | J28: =SUM(J20:J27) -> 0 | ... L28: =SUM(L20:L27) -> 0 | M28: =SUM(C28:L28) -> 0
A29: 26 | B29: Som-Chai 25kg bag | M29: =SUM(C29:L29) -> 0
A30: 27 | B30: Som-Chai G1 25kg bag | M30: =SUM(C30:L30) -> 0
A31: 28 | B31: Bread Improver- 01kg(LD-500) | M31: =SUM(C31:L31) -> 0
A32: 29 | B32: Bread Improver- 01kg(A-800) | M32: =SUM(C32:L32) -> 0
A33: 30 | B33: Som-Chai G2 25kg bag | M33: =SUM(C33:L33) -> 0
A34: 31 | B34: Som-Chai G2 1kg Pkt | M34: =SUM(C34:L34) -> 0
A35: 32 | B35: Som-Chai G2 350g Pkt | M35: =SUM(C35:L35) -> 0
A36: 33 | B36: Pan Grease- 5L | M36: =SUM(C36:L36) -> 0
A37: 34 | B37: Pan Grease- 20L | M37: =SUM(C37:L37) -> 0
A38: 35 | B38: Hybrid Noodles (Red) | M38: =SUM(C38:L38) -> 0
A39: 36 | B39: Isi PVD 400g | M39: =SUM(C39:L39) -> 0
A40: 37 | B40: Isi 1kg | M40: =SUM(C40:L40) -> 0
... A53: 50 | B53: Welcome Crystal 1 Kg | M53: =SUM(C53:L53) -> 0
A54: 51 | M54: =SUM(C54:L54) -> 0
A55: 52 | B55: Bundy Full | M55: =SUM(C55:L55) -> 0
A56: 53 | B56: Esi Salt 1Kg | M56: =SUM(C56:L56) -> 0
A57: 54 | B57: Salt Bulk | M57: =SUM(C57:L57) -> 0
A58: 55 | B58: Esi Rasa Mix - 500g | M58: =SUM(C58:L58) -> 0
A59: 56 | B59: Esi Rasa Mix - 6g | M59: =SUM(C59:L59) -> 0
A60: 57 | B60: Smart Soya & Star Soya | M60: =SUM(C60:L60) -> 0
A61: 58 | B61: Davani Batha | M61: =SUM(C61:L61) -> 0
A62: 59 | B62: Sauce New item | C62: =C72+C73+C74 -> 0 | D62: =D72+D73+D74 -> 0 | E62: =E72+E73+E74 -> 0 | F62: =F72+F73+F74 -> 0 | G62: =G72+G73+G74 -> 0 | H62: =H72+H73+H74 -> 0 | I62: =I72+I73+I74 -> 0 | M62: =SUM(C62:L62) -> 0
A63: 60 | B63: Vineger Bot total | M63: =SUM(C63:L63) -> 0
A64: 61 | B64: Tomato Value | M64: =SUM(C64:L64) -> 0
A65: 62 | B65: Total Pc | M65: =SUM(C65:L65) -> 0
A66: 63 | B66: Total Value Rs. | M66: =SUM(C66:L66) -> 0
A67: 64 | B67: Warking Day | M67: =SUM(C67:L67) -> 0
A68: 65 | B68: Coffe Value | M68: =SUM(C68:L68) -> 0
A69: 66 | B69: Direct Achievement | M69: =SUM(C69:L69) -> 0
A70: 67 | B70: Free Issue Value | M70: =SUM(C70:L70) -> 0
A71: 68 | B71: Discount Value | M71: =SUM(C71:L71) -> 0
A72: 69 | B72: TOMATO SAUCE 1 LT | M72: =SUM(C72:L72) -> 0
A73: 70 | B73: TOMATO SAUCE 2LT | M73: =SUM(C73:L73) -> 0
A74: 71 | B74: TOMATO SAUCE 4LT | M74: =SUM(C74:L74) -> 0
... A103: 100 | B103: Triple Washed Crystal Salt 1kg | M103: =SUM(C103:L103) -> 0

Sheet 9
A1: Daily achievement sheet (Van/Cluster/Singel /Welimada/DLS Oparations)
A2: Sr | B2: Item Description | M2: ASE
B3: RMS Items | C3: Avissawella | D3: Rathnapura | E3: Hanwella | F3: Horana | G3: Balangoda | H3: Piliyandala | M3: Tatal (B)
A4: 1 | B4: High Sugar- 500gr (Angel) | M4: =SUM(C4:L4) -> 0
A5: 2 | B5: Low Sugar -450gr (Angle) | M5: =SUM(C5:L5) -> 0
A6: 3 | B6: Low Sugar -500gr (Angle) | M6: =SUM(C6:L6) -> 0
A7: 4 | B7: Gloripan Instant Dry Yeast (High Sugar) 500g | M7: =SUM(C7:L7) -> 0
A8: 5 | B8: Gloripan Instant Dry Yeast (Low Sugar) 500g | M8: =SUM(C8:L8) -> 0
A9: 6 | B9: 2 In 1 Yeast 500gr (Low Suger) | M9: =SUM(C9:L9) -> 0
A10: 7 | B10: 2 In 1 Yeast 500gr (High Suger) | M10: =SUM(C10:L10) -> 0
A11: 8 | B11: Bakery Yest total | C11: =SUM(C4:C10) -> 0 | D11: =SUM(D4:D10) -> 0 | E11: =SUM(E4:E10) -> 0 | F11: =SUM(F4:F10) -> 0 | G11: =SUM(G4:G10) -> 0 | H11: =SUM(H4:H10) -> 0 | I11: =SUM(I4:I10) -> 0 | J11: =SUM(J4:J10) -> 0 | ... L11: =SUM(L4:L10) -> 0 | M11: =SUM(C11:L11) -> 0
A12: 9 | B12: Instant Leaven -450gr | M12: =SUM(C12:L12) -> 0
A13: 10 | B13: Instant Leaven -500gr | M13: =SUM(C13:L13) -> 0
A14: 11 | B14: Leaven Total | C14: =SUM(C12:C13) -> 0 | D14: =SUM(D12:D13) -> 0 | E14: =SUM(E12:E13) -> 0 | F14: =SUM(F12:F13) -> 0 | G14: =SUM(G12:G13) -> 0 | H14: =SUM(H12:H13) -> 0 | I14: =SUM(I12:I13) -> 0 | J14: =SUM(J12:J13) -> 0 | ... L14: =SUM(L12:L13) -> 0 | M14: =SUM(C14:L14) -> 0
A15: 12 | B15: Shortening- 15 kg | M15: =SUM(C15:L15) -> 0
A16: 13 | B16: Total Yest | C16: =C11+C14 -> 0 | D16: =D11+D14 -> 0 | E16: =E11+E14 -> 0 | F16: =F11+F14 -> 0 | G16: =G11+G14 -> 0 | H16: =H11+H14 -> 0 | I16: =I11+I14 -> 0 | J16: =J11+J14 -> 0 | ... L16: =L11+L14 -> 0 | M16: =SUM(C16:L16) -> 0
A17: 14 | B17: Angle Dry Yeast 25g | M17: =SUM(C17:L17) -> 0
A18: 15 | B18: Angle Dry Yeast 50g | M18: =SUM(C18:L18) -> 0
A19: 16 | B19: Total Angle Dry Yeast | C19: =SUM(C17:C18) -> 0 | D19: =SUM(D17:D18) -> 0 | E19: =SUM(E17:E18) -> 0 | F19: =SUM(F17:F18) -> 0 | G19: =SUM(G17:G18) -> 0 | H19: =SUM(H17:H18) -> 0 | I19: =SUM(I17:I18) -> 0 | J19: =SUM(J17:J18) -> 0 | ... M19: =SUM(M17:M18) -> 0
A20: 17 | B20: Mitra Margerine (Bakers compound -15kg) | M20: =SUM(C20:L20) -> 0
A21: 18 | B21: Mitra Margerine (Blue Lable) - 15kg | M21: =SUM(C21:L21) -> 0
A22: 19 | B22: Mitra - (Bun Compound 15Kg) | M22: =SUM(C22:L22) -> 0
A23: 20 | B23: Bakers Star Multy Purpes 15kg | M23: =SUM(C23:L23) -> 0
A24: 21 | B24: Bakers Star Primum Cake 15kg | M24: =SUM(C24:L24) -> 0
A25: 22 | B25: Mitra 15Kg (Bread Compound 15Kg) | M25: =SUM(C25:L25) -> 0
A26: 23 | B26: Bakers Star Pastry Margareen 15kg | M26: =SUM(C26:L26) -> 0
A27: 24 | B27: Bakers Star Creming Fat Margareen 15kg | M27: =SUM(C27:L27) -> 0
A28: 25 | B28: Total Magrgering | C28: =SUM(C20:C27) -> 0 | D28: =SUM(D20:D27) -> 0 | E28: =SUM(E20:E27) -> 0 | F28: =SUM(F20:F27) -> 0 | G28: =SUM(G20:G27) -> 0 | H28: =SUM(H20:H27) -> 0 | I28: =SUM(I20:I27) -> 0 | J28: =SUM(J20:J27) -> 0 | ... L28: =SUM(L20:L27) -> 0 | M28: =SUM(C28:L28) -> 0
A29: 26 | B29: Som-Chai 25kg bag | M29: =SUM(C29:L29) -> 0
A30: 27 | B30: Som-Chai G1 25kg bag | M30: =SUM(C30:L30) -> 0
A31: 28 | B31: Bread Improver- 01kg(LD-500) | M31: =SUM(C31:L31) -> 0
A32: 29 | B32: Bread Improver- 01kg(A-800) | M32: =SUM(C32:L32) -> 0
A33: 30 | B33: Som-Chai G2 25kg bag | M33: =SUM(C33:L33) -> 0
A34: 31 | B34: Som-Chai G2 1kg Pkt | M34: =SUM(C34:L34) -> 0
A35: 32 | B35: Som-Chai G2 350g Pkt | M35: =SUM(C35:L35) -> 0
A36: 33 | B36: Pan Grease- 5L | M36: =SUM(C36:L36) -> 0
A37: 34 | B37: Pan Grease- 20L | M37: =SUM(C37:L37) -> 0
A38: 35 | B38: Hybrid Noodles (Red) | M38: =SUM(C38:L38) -> 0
A39: 36 | B39: Isi PVD 400g | M39: =SUM(C39:L39) -> 0
A40: 37 | B40: Isi 1kg | M40: =SUM(C40:L40) -> 0
... A53: 50 | B53: Welcome Crystal 1 Kg | M53: =SUM(C53:L53) -> 0
A54: 51 | M54: =SUM(C54:L54) -> 0
A55: 52 | B55: Bundy Full | M55: =SUM(C55:L55) -> 0
A56: 53 | B56: Esi Salt 1Kg | M56: =SUM(C56:L56) -> 0
A57: 54 | B57: Salt Bulk | M57: =SUM(C57:L57) -> 0
A58: 55 | B58: Esi Rasa Mix - 500g | M58: =SUM(C58:L58) -> 0
A59: 56 | B59: Esi Rasa Mix - 6g | M59: =SUM(C59:L59) -> 0
A60: 57 | B60: Smart Soya & Star Soya | M60: =SUM(C60:L60) -> 0
A61: 58 | B61: Davani Batha | M61: =SUM(C61:L61) -> 0
A62: 59 | B62: Sauce New item | C62: =C72+C73+C74 -> 0 | D62: =D72+D73+D74 -> 0 | E62: =E72+E73+E74 -> 0 | F62: =F72+F73+F74 -> 0 | G62: =G72+G73+G74 -> 0 | H62: =H72+H73+H74 -> 0 | I62: =I72+I73+I74 -> 0 | M62: =SUM(C62:L62) -> 0
A63: 60 | B63: Vineger Bot total | M63: =SUM(C63:L63) -> 0
A64: 61 | B64: Tomato Value | M64: =SUM(C64:L64) -> 0
A65: 62 | B65: Total Pc | M65: =SUM(C65:L65) -> 0
A66: 63 | B66: Total Value Rs. | M66: =SUM(C66:L66) -> 0
A67: 64 | B67: Warking Day | M67: =SUM(C67:L67) -> 0
A68: 65 | B68: Coffe Value | M68: =SUM(C68:L68) -> 0
A69: 66 | B69: Direct Achievement | M69: =SUM(C69:L69) -> 0
A70: 67 | B70: Free Issue Value | M70: =SUM(C70:L70) -> 0
A71: 68 | B71: Discount Value | M71: =SUM(C71:L71) -> 0
A72: 69 | B72: TOMATO SAUCE 1 LT | M72: =SUM(C72:L72) -> 0
A73: 70 | B73: TOMATO SAUCE 2LT | M73: =SUM(C73:L73) -> 0
A74: 71 | B74: TOMATO SAUCE 4LT | M74: =SUM(C74:L74) -> 0
... A103: 100 | B103: Triple Washed Crystal Salt 1kg | M103: =SUM(C103:L103) -> 0

Sheet 10
A1: Daily achievement sheet (Van/Cluster/Singel /Welimada/DLS Oparations)
A2: Sr | B2: Item Description | M2: ASE
B3: RMS Items | C3: Avissawella | D3: Rathnapura | E3: Hanwella | F3: Horana | G3: Balangoda | H3: Piliyandala | M3: Tatal (B)
A4: 1 | B4: High Sugar- 500gr (Angel) | M4: =SUM(C4:L4) -> 0
A5: 2 | B5: Low Sugar -450gr (Angle) | M5: =SUM(C5:L5) -> 0
A6: 3 | B6: Low Sugar -500gr (Angle) | M6: =SUM(C6:L6) -> 0
A7: 4 | B7: Gloripan Instant Dry Yeast (High Sugar) 500g | M7: =SUM(C7:L7) -> 0
A8: 5 | B8: Gloripan Instant Dry Yeast (Low Sugar) 500g | M8: =SUM(C8:L8) -> 0
A9: 6 | B9: 2 In 1 Yeast 500gr (Low Suger) | M9: =SUM(C9:L9) -> 0
A10: 7 | B10: 2 In 1 Yeast 500gr (High Suger) | M10: =SUM(C10:L10) -> 0
A11: 8 | B11: Bakery Yest total | C11: =SUM(C4:C10) -> 0 | D11: =SUM(D4:D10) -> 0 | E11: =SUM(E4:E10) -> 0 | F11: =SUM(F4:F10) -> 0 | G11: =SUM(G4:G10) -> 0 | H11: =SUM(H4:H10) -> 0 | I11: =SUM(I4:I10) -> 0 | J11: =SUM(J4:J10) -> 0 | ... L11: =SUM(L4:L10) -> 0 | M11: =SUM(C11:L11) -> 0
A12: 9 | B12: Instant Leaven -450gr | M12: =SUM(C12:L12) -> 0
A13: 10 | B13: Instant Leaven -500gr | M13: =SUM(C13:L13) -> 0
A14: 11 | B14: Leaven Total | C14: =SUM(C12:C13) -> 0 | D14: =SUM(D12:D13) -> 0 | E14: =SUM(E12:E13) -> 0 | F14: =SUM(F12:F13) -> 0 | G14: =SUM(G12:G13) -> 0 | H14: =SUM(H12:H13) -> 0 | I14: =SUM(I12:I13) -> 0 | J14: =SUM(J12:J13) -> 0 | ... L14: =SUM(L12:L13) -> 0 | M14: =SUM(C14:L14) -> 0
A15: 12 | B15: Shortening- 15 kg | M15: =SUM(C15:L15) -> 0
A16: 13 | B16: Total Yest | C16: =C11+C14 -> 0 | D16: =D11+D14 -> 0 | E16: =E11+E14 -> 0 | F16: =F11+F14 -> 0 | G16: =G11+G14 -> 0 | H16: =H11+H14 -> 0 | I16: =I11+I14 -> 0 | J16: =J11+J14 -> 0 | ... L16: =L11+L14 -> 0 | M16: =SUM(C16:L16) -> 0
A17: 14 | B17: Angle Dry Yeast 25g | M17: =SUM(C17:L17) -> 0
A18: 15 | B18: Angle Dry Yeast 50g | M18: =SUM(C18:L18) -> 0
A19: 16 | B19: Total Angle Dry Yeast | C19: =SUM(C17:C18) -> 0 | D19: =SUM(D17:D18) -> 0 | E19: =SUM(E17:E18) -> 0 | F19: =SUM(F17:F18) -> 0 | G19: =SUM(G17:G18) -> 0 | H19: =SUM(H17:H18) -> 0 | I19: =SUM(I17:I18) -> 0 | J19: =SUM(J17:J18) -> 0 | ... M19: =SUM(M17:M18) -> 0
A20: 17 | B20: Mitra Margerine (Bakers compound -15kg) | M20: =SUM(C20:L20) -> 0
A21: 18 | B21: Mitra Margerine (Blue Lable) - 15kg | M21: =SUM(C21:L21) -> 0
A22: 19 | B22: Mitra - (Bun Compound 15Kg) | M22: =SUM(C22:L22) -> 0
A23: 20 | B23: Bakers Star Multy Purpes 15kg | M23: =SUM(C23:L23) -> 0
A24: 21 | B24: Bakers Star Primum Cake 15kg | M24: =SUM(C24:L24) -> 0
A25: 22 | B25: Mitra 15Kg (Bread Compound 15Kg) | M25: =SUM(C25:L25) -> 0
A26: 23 | B26: Bakers Star Pastry Margareen 15kg | M26: =SUM(C26:L26) -> 0
A27: 24 | B27: Bakers Star Creming Fat Margareen 15kg | M27: =SUM(C27:L27) -> 0
A28: 25 | B28: Total Magrgering | C28: =SUM(C20:C27) -> 0 | D28: =SUM(D20:D27) -> 0 | E28: =SUM(E20:E27) -> 0 | F28: =SUM(F20:F27) -> 0 | G28: =SUM(G20:G27) -> 0 | H28: =SUM(H20:H27) -> 0 | I28: =SUM(I20:I27) -> 0 | J28: =SUM(J20:J27) -> 0 | ... L28: =SUM(L20:L27) -> 0 | M28: =SUM(C28:L28) -> 0
A29: 26 | B29: Som-Chai 25kg bag | M29: =SUM(C29:L29) -> 0
A30: 27 | B30: Som-Chai G1 25kg bag | M30: =SUM(C30:L30) -> 0
A31: 28 | B31: Bread Improver- 01kg(LD-500) | M31: =SUM(C31:L31) -> 0
A32: 29 | B32: Bread Improver- 01kg(A-800) | M32: =SUM(C32:L32) -> 0
A33: 30 | B33: Som-Chai G2 25kg bag | M33: =SUM(C33:L33) -> 0
A34: 31 | B34: Som-Chai G2 1kg Pkt | M34: =SUM(C34:L34) -> 0
A35: 32 | B35: Som-Chai G2 350g Pkt | M35: =SUM(C35:L35) -> 0
A36: 33 | B36: Pan Grease- 5L | M36: =SUM(C36:L36) -> 0
A37: 34 | B37: Pan Grease- 20L | M37: =SUM(C37:L37) -> 0
A38: 35 | B38: Hybrid Noodles (Red) | M38: =SUM(C38:L38) -> 0
A39: 36 | B39: Isi PVD 400g | M39: =SUM(C39:L39) -> 0
A40: 37 | B40: Isi 1kg | M40: =SUM(C40:L40) -> 0
... A53: 50 | B53: Welcome Crystal 1 Kg | M53: =SUM(C53:L53) -> 0
A54: 51 | M54: =SUM(C54:L54) -> 0
A55: 52 | B55: Bundy Full | M55: =SUM(C55:L55) -> 0
A56: 53 | B56: Esi Salt 1Kg | M56: =SUM(C56:L56) -> 0
A57: 54 | B57: Salt Bulk | M57: =SUM(C57:L57) -> 0
A58: 55 | B58: Esi Rasa Mix - 500g | M58: =SUM(C58:L58) -> 0
A59: 56 | B59: Esi Rasa Mix - 6g | M59: =SUM(C59:L59) -> 0
A60: 57 | B60: Smart Soya & Star Soya | M60: =SUM(C60:L60) -> 0
A61: 58 | B61: Davani Batha | M61: =SUM(C61:L61) -> 0
A62: 59 | B62: Sauce New item | C62: =C72+C73+C74 -> 0 | D62: =D72+D73+D74 -> 0 | E62: =E72+E73+E74 -> 0 | F62: =F72+F73+F74 -> 0 | G62: =G72+G73+G74 -> 0 | H62: =H72+H73+H74 -> 0 | I62: =I72+I73+I74 -> 0 | M62: =SUM(C62:L62) -> 0
A63: 60 | B63: Vineger Bot total | M63: =SUM(C63:L63) -> 0
A64: 61 | B64: Tomato Value | M64: =SUM(C64:L64) -> 0
A65: 62 | B65: Total Pc | M65: =SUM(C65:L65) -> 0
A66: 63 | B66: Total Value Rs. | M66: =SUM(C66:L66) -> 0
A67: 64 | B67: Warking Day | M67: =SUM(C67:L67) -> 0
A68: 65 | B68: Coffe Value | M68: =SUM(C68:L68) -> 0
A69: 66 | B69: Direct Achievement | M69: =SUM(C69:L69) -> 0
A70: 67 | B70: Free Issue Value | M70: =SUM(C70:L70) -> 0
A71: 68 | B71: Discount Value | M71: =SUM(C71:L71) -> 0
A72: 69 | B72: TOMATO SAUCE 1 LT | M72: =SUM(C72:L72) -> 0
A73: 70 | B73: TOMATO SAUCE 2LT | M73: =SUM(C73:L73) -> 0
A74: 71 | B74: TOMATO SAUCE 4LT | M74: =SUM(C74:L74) -> 0
... A103: 100 | B103: Triple Washed Crystal Salt 1kg | M103: =SUM(C103:L103) -> 0

Sheet 11
A1: Daily achievement sheet (Van/Cluster/Singel /Welimada/DLS Oparations)
A2: Sr | B2: Item Description | M2: ASE
B3: RMS Items | C3: Avissawella | D3: Rathnapura | E3: Hanwella | F3: Horana | G3: Balangoda | H3: Piliyandala | M3: Tatal (B)
A4: 1 | B4: High Sugar- 500gr (Angel) | M4: =SUM(C4:L4) -> 0
A5: 2 | B5: Low Sugar -450gr (Angle) | M5: =SUM(C5:L5) -> 0
A6: 3 | B6: Low Sugar -500gr (Angle) | M6: =SUM(C6:L6) -> 0
A7: 4 | B7: Gloripan Instant Dry Yeast (High Sugar) 500g | M7: =SUM(C7:L7) -> 0
A8: 5 | B8: Gloripan Instant Dry Yeast (Low Sugar) 500g | M8: =SUM(C8:L8) -> 0
A9: 6 | B9: 2 In 1 Yeast 500gr (Low Suger) | M9: =SUM(C9:L9) -> 0
A10: 7 | B10: 2 In 1 Yeast 500gr (High Suger) | M10: =SUM(C10:L10) -> 0
A11: 8 | B11: Bakery Yest total | C11: =SUM(C4:C10) -> 0 | D11: =SUM(D4:D10) -> 0 | E11: =SUM(E4:E10) -> 0 | F11: =SUM(F4:F10) -> 0 | G11: =SUM(G4:G10) -> 0 | H11: =SUM(H4:H10) -> 0 | I11: =SUM(I4:I10) -> 0 | J11: =SUM(J4:J10) -> 0 | ... L11: =SUM(L4:L10) -> 0 | M11: =SUM(C11:L11) -> 0
A12: 9 | B12: Instant Leaven -450gr | M12: =SUM(C12:L12) -> 0
A13: 10 | B13: Instant Leaven -500gr | M13: =SUM(C13:L13) -> 0
A14: 11 | B14: Leaven Total | C14: =SUM(C12:C13) -> 0 | D14: =SUM(D12:D13) -> 0 | E14: =SUM(E12:E13) -> 0 | F14: =SUM(F12:F13) -> 0 | G14: =SUM(G12:G13) -> 0 | H14: =SUM(H12:H13) -> 0 | I14: =SUM(I12:I13) -> 0 | J14: =SUM(J12:J13) -> 0 | ... L14: =SUM(L12:L13) -> 0 | M14: =SUM(C14:L14) -> 0
A15: 12 | B15: Shortening- 15 kg | M15: =SUM(C15:L15) -> 0
A16: 13 | B16: Total Yest | C16: =C11+C14 -> 0 | D16: =D11+D14 -> 0 | E16: =E11+E14 -> 0 | F16: =F11+F14 -> 0 | G16: =G11+G14 -> 0 | H16: =H11+H14 -> 0 | I16: =I11+I14 -> 0 | J16: =J11+J14 -> 0 | ... L16: =L11+L14 -> 0 | M16: =SUM(C16:L16) -> 0
A17: 14 | B17: Angle Dry Yeast 25g | M17: =SUM(C17:L17) -> 0
A18: 15 | B18: Angle Dry Yeast 50g | M18: =SUM(C18:L18) -> 0
A19: 16 | B19: Total Angle Dry Yeast | C19: =SUM(C17:C18) -> 0 | D19: =SUM(D17:D18) -> 0 | E19: =SUM(E17:E18) -> 0 | F19: =SUM(F17:F18) -> 0 | G19: =SUM(G17:G18) -> 0 | H19: =SUM(H17:H18) -> 0 | I19: =SUM(I17:I18) -> 0 | J19: =SUM(J17:J18) -> 0 | ... M19: =SUM(M17:M18) -> 0
A20: 17 | B20: Mitra Margerine (Bakers compound -15kg) | M20: =SUM(C20:L20) -> 0
A21: 18 | B21: Mitra Margerine (Blue Lable) - 15kg | M21: =SUM(C21:L21) -> 0
A22: 19 | B22: Mitra - (Bun Compound 15Kg) | M22: =SUM(C22:L22) -> 0
A23: 20 | B23: Bakers Star Multy Purpes 15kg | M23: =SUM(C23:L23) -> 0
A24: 21 | B24: Bakers Star Primum Cake 15kg | M24: =SUM(C24:L24) -> 0
A25: 22 | B25: Mitra 15Kg (Bread Compound 15Kg) | M25: =SUM(C25:L25) -> 0
A26: 23 | B26: Bakers Star Pastry Margareen 15kg | M26: =SUM(C26:L26) -> 0
A27: 24 | B27: Bakers Star Creming Fat Margareen 15kg | M27: =SUM(C27:L27) -> 0
A28: 25 | B28: Total Magrgering | C28: =SUM(C20:C27) -> 0 | D28: =SUM(D20:D27) -> 0 | E28: =SUM(E20:E27) -> 0 | F28: =SUM(F20:F27) -> 0 | G28: =SUM(G20:G27) -> 0 | H28: =SUM(H20:H27) -> 0 | I28: =SUM(I20:I27) -> 0 | J28: =SUM(J20:J27) -> 0 | ... L28: =SUM(L20:L27) -> 0 | M28: =SUM(C28:L28) -> 0
A29: 26 | B29: Som-Chai 25kg bag | M29: =SUM(C29:L29) -> 0
A30: 27 | B30: Som-Chai G1 25kg bag | M30: =SUM(C30:L30) -> 0
A31: 28 | B31: Bread Improver- 01kg(LD-500) | M31: =SUM(C31:L31) -> 0
A32: 29 | B32: Bread Improver- 01kg(A-800) | M32: =SUM(C32:L32) -> 0
A33: 30 | B33: Som-Chai G2 25kg bag | M33: =SUM(C33:L33) -> 0
A34: 31 | B34: Som-Chai G2 1kg Pkt | M34: =SUM(C34:L34) -> 0
A35: 32 | B35: Som-Chai G2 350g Pkt | M35: =SUM(C35:L35) -> 0
A36: 33 | B36: Pan Grease- 5L | M36: =SUM(C36:L36) -> 0
A37: 34 | B37: Pan Grease- 20L | M37: =SUM(C37:L37) -> 0
A38: 35 | B38: Hybrid Noodles (Red) | M38: =SUM(C38:L38) -> 0
A39: 36 | B39: Isi PVD 400g | M39: =SUM(C39:L39) -> 0
A40: 37 | B40: Isi 1kg | M40: =SUM(C40:L40) -> 0
... A53: 50 | B53: Welcome Crystal 1 Kg | M53: =SUM(C53:L53) -> 0
A54: 51 | M54: =SUM(C54:L54) -> 0
A55: 52 | B55: Bundy Full | M55: =SUM(C55:L55) -> 0
A56: 53 | B56: Esi Salt 1Kg | M56: =SUM(C56:L56) -> 0
A57: 54 | B57: Salt Bulk | M57: =SUM(C57:L57) -> 0
A58: 55 | B58: Esi Rasa Mix - 500g | M58: =SUM(C58:L58) -> 0
A59: 56 | B59: Esi Rasa Mix - 6g | M59: =SUM(C59:L59) -> 0
A60: 57 | B60: Smart Soya & Star Soya | M60: =SUM(C60:L60) -> 0
A61: 58 | B61: Davani Batha | M61: =SUM(C61:L61) -> 0
A62: 59 | B62: Sauce New item | C62: =C72+C73+C74 -> 0 | D62: =D72+D73+D74 -> 0 | E62: =E72+E73+E74 -> 0 | F62: =F72+F73+F74 -> 0 | G62: =G72+G73+G74 -> 0 | H62: =H72+H73+H74 -> 0 | I62: =I72+I73+I74 -> 0 | M62: =SUM(C62:L62) -> 0
A63: 60 | B63: Vineger Bot total | M63: =SUM(C63:L63) -> 0
A64: 61 | B64: Tomato Value | M64: =SUM(C64:L64) -> 0
A65: 62 | B65: Total Pc | M65: =SUM(C65:L65) -> 0
A66: 63 | B66: Total Value Rs. | M66: =SUM(C66:L66) -> 0
A67: 64 | B67: Warking Day | M67: =SUM(C67:L67) -> 0
A68: 65 | B68: Coffe Value | M68: =SUM(C68:L68) -> 0
A69: 66 | B69: Direct Achievement | M69: =SUM(C69:L69) -> 0
A70: 67 | B70: Free Issue Value | M70: =SUM(C70:L70) -> 0
A71: 68 | B71: Discount Value | M71: =SUM(C71:L71) -> 0
A72: 69 | B72: TOMATO SAUCE 1 LT | M72: =SUM(C72:L72) -> 0
A73: 70 | B73: TOMATO SAUCE 2LT | M73: =SUM(C73:L73) -> 0
A74: 71 | B74: TOMATO SAUCE 4LT | M74: =SUM(C74:L74) -> 0
... A103: 100 | B103: Triple Washed Crystal Salt 1kg | M103: =SUM(C103:L103) -> 0

Sheet 12
A1: Daily achievement sheet (Van/Cluster/Singel /Welimada/DLS Oparations)
A2: Sr | B2: Item Description | M2: ASE
B3: RMS Items | C3: Avissawella | D3: Rathnapura | E3: Hanwella | F3: Horana | G3: Balangoda | H3: Piliyandala | M3: Tatal (B)
A4: 1 | B4: High Sugar- 500gr (Angel) | M4: =SUM(C4:L4) -> 0
A5: 2 | B5: Low Sugar -450gr (Angle) | M5: =SUM(C5:L5) -> 0
A6: 3 | B6: Low Sugar -500gr (Angle) | M6: =SUM(C6:L6) -> 0
A7: 4 | B7: Gloripan Instant Dry Yeast (High Sugar) 500g | M7: =SUM(C7:L7) -> 0
A8: 5 | B8: Gloripan Instant Dry Yeast (Low Sugar) 500g | M8: =SUM(C8:L8) -> 0
A9: 6 | B9: 2 In 1 Yeast 500gr (Low Suger) | M9: =SUM(C9:L9) -> 0
A10: 7 | B10: 2 In 1 Yeast 500gr (High Suger) | M10: =SUM(C10:L10) -> 0
A11: 8 | B11: Bakery Yest total | C11: =SUM(C4:C10) -> 0 | D11: =SUM(D4:D10) -> 0 | E11: =SUM(E4:E10) -> 0 | F11: =SUM(F4:F10) -> 0 | G11: =SUM(G4:G10) -> 0 | H11: =SUM(H4:H10) -> 0 | I11: =SUM(I4:I10) -> 0 | J11: =SUM(J4:J10) -> 0 | ... L11: =SUM(L4:L10) -> 0 | M11: =SUM(C11:L11) -> 0
A12: 9 | B12: Instant Leaven -450gr | M12: =SUM(C12:L12) -> 0
A13: 10 | B13: Instant Leaven -500gr | M13: =SUM(C13:L13) -> 0
A14: 11 | B14: Leaven Total | C14: =SUM(C12:C13) -> 0 | D14: =SUM(D12:D13) -> 0 | E14: =SUM(E12:E13) -> 0 | F14: =SUM(F12:F13) -> 0 | G14: =SUM(G12:G13) -> 0 | H14: =SUM(H12:H13) -> 0 | I14: =SUM(I12:I13) -> 0 | J14: =SUM(J12:J13) -> 0 | ... L14: =SUM(L12:L13) -> 0 | M14: =SUM(C14:L14) -> 0
A15: 12 | B15: Shortening- 15 kg | M15: =SUM(C15:L15) -> 0
A16: 13 | B16: Total Yest | C16: =C11+C14 -> 0 | D16: =D11+D14 -> 0 | E16: =E11+E14 -> 0 | F16: =F11+F14 -> 0 | G16: =G11+G14 -> 0 | H16: =H11+H14 -> 0 | I16: =I11+I14 -> 0 | J16: =J11+J14 -> 0 | ... L16: =L11+L14 -> 0 | M16: =SUM(C16:L16) -> 0
A17: 14 | B17: Angle Dry Yeast 25g | M17: =SUM(C17:L17) -> 0
A18: 15 | B18: Angle Dry Yeast 50g | M18: =SUM(C18:L18) -> 0
A19: 16 | B19: Total Angle Dry Yeast | C19: =SUM(C17:C18) -> 0 | D19: =SUM(D17:D18) -> 0 | E19: =SUM(E17:E18) -> 0 | F19: =SUM(F17:F18) -> 0 | G19: =SUM(G17:G18) -> 0 | H19: =SUM(H17:H18) -> 0 | I19: =SUM(I17:I18) -> 0 | J19: =SUM(J17:J18) -> 0 | ... M19: =SUM(M17:M18) -> 0
A20: 17 | B20: Mitra Margerine (Bakers compound -15kg) | M20: =SUM(C20:L20) -> 0
A21: 18 | B21: Mitra Margerine (Blue Lable) - 15kg | M21: =SUM(C21:L21) -> 0
A22: 19 | B22: Mitra - (Bun Compound 15Kg) | M22: =SUM(C22:L22) -> 0
A23: 20 | B23: Bakers Star Multy Purpes 15kg | M23: =SUM(C23:L23) -> 0
A24: 21 | B24: Bakers Star Primum Cake 15kg | M24: =SUM(C24:L24) -> 0
A25: 22 | B25: Mitra 15Kg (Bread Compound 15Kg) | M25: =SUM(C25:L25) -> 0
A26: 23 | B26: Bakers Star Pastry Margareen 15kg | M26: =SUM(C26:L26) -> 0
A27: 24 | B27: Bakers Star Creming Fat Margareen 15kg | M27: =SUM(C27:L27) -> 0
A28: 25 | B28: Total Magrgering | C28: =SUM(C20:C27) -> 0 | D28: =SUM(D20:D27) -> 0 | E28: =SUM(E20:E27) -> 0 | F28: =SUM(F20:F27) -> 0 | G28: =SUM(G20:G27) -> 0 | H28: =SUM(H20:H27) -> 0 | I28: =SUM(I20:I27) -> 0 | J28: =SUM(J20:J27) -> 0 | ... L28: =SUM(L20:L27) -> 0 | M28: =SUM(C28:L28) -> 0
A29: 26 | B29: Som-Chai 25kg bag | M29: =SUM(C29:L29) -> 0
A30: 27 | B30: Som-Chai G1 25kg bag | M30: =SUM(C30:L30) -> 0
A31: 28 | B31: Bread Improver- 01kg(LD-500) | M31: =SUM(C31:L31) -> 0
A32: 29 | B32: Bread Improver- 01kg(A-800) | M32: =SUM(C32:L32) -> 0
A33: 30 | B33: Som-Chai G2 25kg bag | M33: =SUM(C33:L33) -> 0
A34: 31 | B34: Som-Chai G2 1kg Pkt | M34: =SUM(C34:L34) -> 0
A35: 32 | B35: Som-Chai G2 350g Pkt | M35: =SUM(C35:L35) -> 0
A36: 33 | B36: Pan Grease- 5L | M36: =SUM(C36:L36) -> 0
A37: 34 | B37: Pan Grease- 20L | M37: =SUM(C37:L37) -> 0
A38: 35 | B38: Hybrid Noodles (Red) | M38: =SUM(C38:L38) -> 0
A39: 36 | B39: Isi PVD 400g | M39: =SUM(C39:L39) -> 0
A40: 37 | B40: Isi 1kg | M40: =SUM(C40:L40) -> 0
... A53: 50 | B53: Welcome Crystal 1 Kg | M53: =SUM(C53:L53) -> 0
A54: 51 | M54: =SUM(C54:L54) -> 0
A55: 52 | B55: Bundy Full | M55: =SUM(C55:L55) -> 0
A56: 53 | B56: Esi Salt 1Kg | M56: =SUM(C56:L56) -> 0
A57: 54 | B57: Salt Bulk | M57: =SUM(C57:L57) -> 0
A58: 55 | B58: Esi Rasa Mix - 500g | M58: =SUM(C58:L58) -> 0
A59: 56 | B59: Esi Rasa Mix - 6g | M59: =SUM(C59:L59) -> 0
A60: 57 | B60: Smart Soya & Star Soya | M60: =SUM(C60:L60) -> 0
A61: 58 | B61: Davani Batha | M61: =SUM(C61:L61) -> 0
A62: 59 | B62: Sauce New item | C62: =C72+C73+C74 -> 0 | D62: =D72+D73+D74 -> 0 | E62: =E72+E73+E74 -> 0 | F62: =F72+F73+F74 -> 0 | G62: =G72+G73+G74 -> 0 | H62: =H72+H73+H74 -> 0 | I62: =I72+I73+I74 -> 0 | M62: =SUM(C62:L62) -> 0
A63: 60 | B63: Vineger Bot total | M63: =SUM(C63:L63) -> 0
A64: 61 | B64: Tomato Value | M64: =SUM(C64:L64) -> 0
A65: 62 | B65: Total Pc | M65: =SUM(C65:L65) -> 0
A66: 63 | B66: Total Value Rs. | M66: =SUM(C66:L66) -> 0
A67: 64 | B67: Warking Day | M67: =SUM(C67:L67) -> 0
A68: 65 | B68: Coffe Value | M68: =SUM(C68:L68) -> 0
A69: 66 | B69: Direct Achievement | M69: =SUM(C69:L69) -> 0
A70: 67 | B70: Free Issue Value | M70: =SUM(C70:L70) -> 0
A71: 68 | B71: Discount Value | M71: =SUM(C71:L71) -> 0
A72: 69 | B72: TOMATO SAUCE 1 LT | M72: =SUM(C72:L72) -> 0
A73: 70 | B73: TOMATO SAUCE 2LT | M73: =SUM(C73:L73) -> 0
A74: 71 | B74: TOMATO SAUCE 4LT | M74: =SUM(C74:L74) -> 0
... A103: 100 | B103: Triple Washed Crystal Salt 1kg | M103: =SUM(C103:L103) -> 0

Sheet 13
A1: Daily achievement sheet (Van/Cluster/Singel /Welimada/DLS Oparations)
A2: Sr | B2: Item Description | M2: ASE
B3: RMS Items | C3: Avissawella | D3: Rathnapura | E3: Hanwella | F3: Horana | G3: Balangoda | H3: Piliyandala | M3: Tatal (B)
A4: 1 | B4: High Sugar- 500gr (Angel) | M4: =SUM(C4:L4) -> 0
A5: 2 | B5: Low Sugar -450gr (Angle) | M5: =SUM(C5:L5) -> 0
A6: 3 | B6: Low Sugar -500gr (Angle) | M6: =SUM(C6:L6) -> 0
A7: 4 | B7: Gloripan Instant Dry Yeast (High Sugar) 500g | M7: =SUM(C7:L7) -> 0
A8: 5 | B8: Gloripan Instant Dry Yeast (Low Sugar) 500g | M8: =SUM(C8:L8) -> 0
A9: 6 | B9: 2 In 1 Yeast 500gr (Low Suger) | M9: =SUM(C9:L9) -> 0
A10: 7 | B10: 2 In 1 Yeast 500gr (High Suger) | M10: =SUM(C10:L10) -> 0
A11: 8 | B11: Bakery Yest total | C11: =SUM(C4:C10) -> 0 | D11: =SUM(D4:D10) -> 0 | E11: =SUM(E4:E10) -> 0 | F11: =SUM(F4:F10) -> 0 | G11: =SUM(G4:G10) -> 0 | H11: =SUM(H4:H10) -> 0 | I11: =SUM(I4:I10) -> 0 | J11: =SUM(J4:J10) -> 0 | ... L11: =SUM(L4:L10) -> 0 | M11: =SUM(C11:L11) -> 0
A12: 9 | B12: Instant Leaven -450gr | M12: =SUM(C12:L12) -> 0
A13: 10 | B13: Instant Leaven -500gr | M13: =SUM(C13:L13) -> 0
A14: 11 | B14: Leaven Total | C14: =SUM(C12:C13) -> 0 | D14: =SUM(D12:D13) -> 0 | E14: =SUM(E12:E13) -> 0 | F14: =SUM(F12:F13) -> 0 | G14: =SUM(G12:G13) -> 0 | H14: =SUM(H12:H13) -> 0 | I14: =SUM(I12:I13) -> 0 | J14: =SUM(J12:J13) -> 0 | ... L14: =SUM(L12:L13) -> 0 | M14: =SUM(C14:L14) -> 0
A15: 12 | B15: Shortening- 15 kg | M15: =SUM(C15:L15) -> 0
A16: 13 | B16: Total Yest | C16: =C11+C14 -> 0 | D16: =D11+D14 -> 0 | E16: =E11+E14 -> 0 | F16: =F11+F14 -> 0 | G16: =G11+G14 -> 0 | H16: =H11+H14 -> 0 | I16: =I11+I14 -> 0 | J16: =J11+J14 -> 0 | ... L16: =L11+L14 -> 0 | M16: =SUM(C16:L16) -> 0
A17: 14 | B17: Angle Dry Yeast 25g | M17: =SUM(C17:L17) -> 0
A18: 15 | B18: Angle Dry Yeast 50g | M18: =SUM(C18:L18) -> 0
A19: 16 | B19: Total Angle Dry Yeast | C19: =SUM(C17:C18) -> 0 | D19: =SUM(D17:D18) -> 0 | E19: =SUM(E17:E18) -> 0 | F19: =SUM(F17:F18) -> 0 | G19: =SUM(G17:G18) -> 0 | H19: =SUM(H17:H18) -> 0 | I19: =SUM(I17:I18) -> 0 | J19: =SUM(J17:J18) -> 0 | ... M19: =SUM(M17:M18) -> 0
A20: 17 | B20: Mitra Margerine (Bakers compound -15kg) | M20: =SUM(C20:L20) -> 0
A21: 18 | B21: Mitra Margerine (Blue Lable) - 15kg | M21: =SUM(C21:L21) -> 0
A22: 19 | B22: Mitra - (Bun Compound 15Kg) | M22: =SUM(C22:L22) -> 0
A23: 20 | B23: Bakers Star Multy Purpes 15kg | M23: =SUM(C23:L23) -> 0
A24: 21 | B24: Bakers Star Primum Cake 15kg | M24: =SUM(C24:L24) -> 0
A25: 22 | B25: Mitra 15Kg (Bread Compound 15Kg) | M25: =SUM(C25:L25) -> 0
A26: 23 | B26: Bakers Star Pastry Margareen 15kg | M26: =SUM(C26:L26) -> 0
A27: 24 | B27: Bakers Star Creming Fat Margareen 15kg | M27: =SUM(C27:L27) -> 0
A28: 25 | B28: Total Magrgering | C28: =SUM(C20:C27) -> 0 | D28: =SUM(D20:D27) -> 0 | E28: =SUM(E20:E27) -> 0 | F28: =SUM(F20:F27) -> 0 | G28: =SUM(G20:G27) -> 0 | H28: =SUM(H20:H27) -> 0 | I28: =SUM(I20:I27) -> 0 | J28: =SUM(J20:J27) -> 0 | ... L28: =SUM(L20:L27) -> 0 | M28: =SUM(C28:L28) -> 0
A29: 26 | B29: Som-Chai 25kg bag | M29: =SUM(C29:L29) -> 0
A30: 27 | B30: Som-Chai G1 25kg bag | M30: =SUM(C30:L30) -> 0
A31: 28 | B31: Bread Improver- 01kg(LD-500) | M31: =SUM(C31:L31) -> 0
A32: 29 | B32: Bread Improver- 01kg(A-800) | M32: =SUM(C32:L32) -> 0
A33: 30 | B33: Som-Chai G2 25kg bag | M33: =SUM(C33:L33) -> 0
A34: 31 | B34: Som-Chai G2 1kg Pkt | M34: =SUM(C34:L34) -> 0
A35: 32 | B35: Som-Chai G2 350g Pkt | M35: =SUM(C35:L35) -> 0
A36: 33 | B36: Pan Grease- 5L | M36: =SUM(C36:L36) -> 0
A37: 34 | B37: Pan Grease- 20L | M37: =SUM(C37:L37) -> 0
A38: 35 | B38: Hybrid Noodles (Red) | M38: =SUM(C38:L38) -> 0
A39: 36 | B39: Isi PVD 400g | M39: =SUM(C39:L39) -> 0
A40: 37 | B40: Isi 1kg | M40: =SUM(C40:L40) -> 0
... A53: 50 | B53: Welcome Crystal 1 Kg | M53: =SUM(C53:L53) -> 0
A54: 51 | M54: =SUM(C54:L54) -> 0
A55: 52 | B55: Bundy Full | M55: =SUM(C55:L55) -> 0
A56: 53 | B56: Esi Salt 1Kg | M56: =SUM(C56:L56) -> 0
A57: 54 | B57: Salt Bulk | M57: =SUM(C57:L57) -> 0
A58: 55 | B58: Esi Rasa Mix - 500g | M58: =SUM(C58:L58) -> 0
A59: 56 | B59: Esi Rasa Mix - 6g | M59: =SUM(C59:L59) -> 0
A60: 57 | B60: Smart Soya & Star Soya | M60: =SUM(C60:L60) -> 0
A61: 58 | B61: Davani Batha | M61: =SUM(C61:L61) -> 0
A62: 59 | B62: Sauce New item | C62: =C72+C73+C74 -> 0 | D62: =D72+D73+D74 -> 0 | E62: =E72+E73+E74 -> 0 | F62: =F72+F73+F74 -> 0 | G62: =G72+G73+G74 -> 0 | H62: =H72+H73+H74 -> 0 | I62: =I72+I73+I74 -> 0 | M62: =SUM(C62:L62) -> 0
A63: 60 | B63: Vineger Bot total | M63: =SUM(C63:L63) -> 0
A64: 61 | B64: Tomato Value | M64: =SUM(C64:L64) -> 0
A65: 62 | B65: Total Pc | M65: =SUM(C65:L65) -> 0
A66: 63 | B66: Total Value Rs. | M66: =SUM(C66:L66) -> 0
A67: 64 | B67: Warking Day | M67: =SUM(C67:L67) -> 0
A68: 65 | B68: Coffe Value | M68: =SUM(C68:L68) -> 0
A69: 66 | B69: Direct Achievement | M69: =SUM(C69:L69) -> 0
A70: 67 | B70: Free Issue Value | M70: =SUM(C70:L70) -> 0
A71: 68 | B71: Discount Value | M71: =SUM(C71:L71) -> 0
A72: 69 | B72: TOMATO SAUCE 1 LT | M72: =SUM(C72:L72) -> 0
A73: 70 | B73: TOMATO SAUCE 2LT | M73: =SUM(C73:L73) -> 0
A74: 71 | B74: TOMATO SAUCE 4LT | M74: =SUM(C74:L74) -> 0
... A103: 100 | B103: Triple Washed Crystal Salt 1kg | M103: =SUM(C103:L103) -> 0

Sheet 14
A1: Daily achievement sheet (Van/Cluster/Singel /Welimada/DLS Oparations)
A2: Sr | B2: Item Description | M2: ASE
B3: RMS Items | C3: Avissawella | D3: Rathnapura | E3: Hanwella | F3: Horana | G3: Balangoda | H3: Piliyandala | M3: Tatal (B)
A4: 1 | B4: High Sugar- 500gr (Angel) | M4: =SUM(C4:L4) -> 0
A5: 2 | B5: Low Sugar -450gr (Angle) | M5: =SUM(C5:L5) -> 0
A6: 3 | B6: Low Sugar -500gr (Angle) | M6: =SUM(C6:L6) -> 0
A7: 4 | B7: Gloripan Instant Dry Yeast (High Sugar) 500g | M7: =SUM(C7:L7) -> 0
A8: 5 | B8: Gloripan Instant Dry Yeast (Low Sugar) 500g | M8: =SUM(C8:L8) -> 0
A9: 6 | B9: 2 In 1 Yeast 500gr (Low Suger) | M9: =SUM(C9:L9) -> 0
A10: 7 | B10: 2 In 1 Yeast 500gr (High Suger) | M10: =SUM(C10:L10) -> 0
A11: 8 | B11: Bakery Yest total | C11: =SUM(C4:C10) -> 0 | D11: 1 | E11: =SUM(E4:E10) -> 0 | F11: =SUM(F4:F10) -> 0 | G11: =SUM(G4:G10) -> 0 | H11: =SUM(H4:H10) -> 0 | I11: =SUM(I4:I10) -> 0 | J11: =SUM(J4:J10) -> 0 | K11: =SUM(K4:K10) -> 0 | L11: =SUM(L4:L10) -> 0 | M11: =SUM(C11:L11) -> 1
A12: 9 | B12: Instant Leaven -450gr | M12: =SUM(C12:L12) -> 0
A13: 10 | B13: Instant Leaven -500gr | M13: =SUM(C13:L13) -> 0
A14: 11 | B14: Leaven Total | C14: =SUM(C12:C13) -> 0 | D14: =SUM(D12:D13) -> 0 | E14: =SUM(E12:E13) -> 0 | F14: =SUM(F12:F13) -> 0 | G14: =SUM(G12:G13) -> 0 | H14: =SUM(H12:H13) -> 0 | I14: =SUM(I12:I13) -> 0 | J14: =SUM(J12:J13) -> 0 | ... L14: =SUM(L12:L13) -> 0 | M14: =SUM(C14:L14) -> 0
A15: 12 | B15: Shortening- 15 kg | M15: =SUM(C15:L15) -> 0
A16: 13 | B16: Total Yest | C16: =C11+C14 -> 0 | D16: =D11+D14 -> 1 | E16: =E11+E14 -> 0 | F16: =F11+F14 -> 0 | G16: =G11+G14 -> 0 | H16: =H11+H14 -> 0 | I16: =I11+I14 -> 0 | J16: =J11+J14 -> 0 | ... L16: =L11+L14 -> 0 | M16: =SUM(C16:L16) -> 1
A17: 14 | B17: Angle Dry Yeast 25g | M17: =SUM(C17:L17) -> 0
A18: 15 | B18: Angle Dry Yeast 50g | M18: =SUM(C18:L18) -> 0
A19: 16 | B19: Total Angle Dry Yeast | C19: =SUM(C17:C18) -> 0 | D19: =SUM(D17:D18) -> 0 | E19: =SUM(E17:E18) -> 0 | F19: =SUM(F17:F18) -> 0 | G19: =SUM(G17:G18) -> 0 | H19: =SUM(H17:H18) -> 0 | I19: =SUM(I17:I18) -> 0 | J19: =SUM(J17:J18) -> 0 | ... M19: =SUM(M17:M18) -> 0
A20: 17 | B20: Mitra Margerine (Bakers compound -15kg) | M20: =SUM(C20:L20) -> 0
A21: 18 | B21: Mitra Margerine (Blue Lable) - 15kg | M21: =SUM(C21:L21) -> 0
A22: 19 | B22: Mitra - (Bun Compound 15Kg) | M22: =SUM(C22:L22) -> 0
A23: 20 | B23: Bakers Star Multy Purpes 15kg | M23: =SUM(C23:L23) -> 0
A24: 21 | B24: Bakers Star Primum Cake 15kg | M24: =SUM(C24:L24) -> 0
A25: 22 | B25: Mitra 15Kg (Bread Compound 15Kg) | M25: =SUM(C25:L25) -> 0
A26: 23 | B26: Bakers Star Pastry Margareen 15kg | M26: =SUM(C26:L26) -> 0
A27: 24 | B27: Bakers Star Creming Fat Margareen 15kg | M27: =SUM(C27:L27) -> 0
A28: 25 | B28: Total Magrgering | C28: =SUM(C20:C27) -> 0 | D28: =SUM(D20:D27) -> 0 | E28: =SUM(E20:E27) -> 0 | F28: =SUM(F20:F27) -> 0 | G28: =SUM(G20:G27) -> 0 | H28: =SUM(H20:H27) -> 0 | I28: =SUM(I20:I27) -> 0 | J28: =SUM(J20:J27) -> 0 | ... L28: =SUM(L20:L27) -> 0 | M28: =SUM(C28:L28) -> 0
A29: 26 | B29: Som-Chai 25kg bag | M29: =SUM(C29:L29) -> 0
A30: 27 | B30: Som-Chai G1 25kg bag | M30: =SUM(C30:L30) -> 0
A31: 28 | B31: Bread Improver- 01kg(LD-500) | M31: =SUM(C31:L31) -> 0
A32: 29 | B32: Bread Improver- 01kg(A-800) | M32: =SUM(C32:L32) -> 0
A33: 30 | B33: Som-Chai G2 25kg bag | M33: =SUM(C33:L33) -> 0
A34: 31 | B34: Som-Chai G2 1kg Pkt | M34: =SUM(C34:L34) -> 0
A35: 32 | B35: Som-Chai G2 350g Pkt | M35: =SUM(C35:L35) -> 0
A36: 33 | B36: Pan Grease- 5L | M36: =SUM(C36:L36) -> 0
A37: 34 | B37: Pan Grease- 20L | M37: =SUM(C37:L37) -> 0
A38: 35 | B38: Hybrid Noodles (Red) | M38: =SUM(C38:L38) -> 0
A39: 36 | B39: Isi PVD 400g | M39: =SUM(C39:L39) -> 0
A40: 37 | B40: Isi 1kg | M40: =SUM(C40:L40) -> 0
... A53: 50 | B53: Welcome Crystal 1 Kg | M53: =SUM(C53:L53) -> 0
A54: 51 | M54: =SUM(C54:L54) -> 0
A55: 52 | B55: Bundy Full | M55: =SUM(C55:L55) -> 0
A56: 53 | B56: Esi Salt 1Kg | M56: =SUM(C56:L56) -> 0
A57: 54 | B57: Salt Bulk | M57: =SUM(C57:L57) -> 0
A58: 55 | B58: Esi Rasa Mix - 500g | M58: =SUM(C58:L58) -> 0
A59: 56 | B59: Esi Rasa Mix - 6g | M59: =SUM(C59:L59) -> 0
A60: 57 | B60: Smart Soya & Star Soya | M60: =SUM(C60:L60) -> 0
A61: 58 | B61: Davani Batha | M61: =SUM(C61:L61) -> 0
A62: 59 | B62: Sauce New item | C62: =C72+C73+C74 -> 0 | D62: =D72+D73+D74 -> 0 | E62: =E72+E73+E74 -> 0 | F62: =F72+F73+F74 -> 0 | G62: =G72+G73+G74 -> 0 | H62: =H72+H73+H74 -> 0 | I62: =I72+I73+I74 -> 0 | M62: =SUM(C62:L62) -> 0
A63: 60 | B63: Vineger Bot total | M63: =SUM(C63:L63) -> 0
A64: 61 | B64: Tomato Value | M64: =SUM(C64:L64) -> 0
A65: 62 | B65: Total Pc | M65: =SUM(C65:L65) -> 0
A66: 63 | B66: Total Value Rs. | M66: =SUM(C66:L66) -> 0
A67: 64 | B67: Warking Day | M67: =SUM(C67:L67) -> 0
A68: 65 | B68: Coffe Value | M68: =SUM(C68:L68) -> 0
A69: 66 | B69: Direct Achievement | M69: =SUM(C69:L69) -> 0
A70: 67 | B70: Free Issue Value | M70: =SUM(C70:L70) -> 0
A71: 68 | B71: Discount Value | M71: =SUM(C71:L71) -> 0
A72: 69 | B72: TOMATO SAUCE 1 LT | M72: =SUM(C72:L72) -> 0
A73: 70 | B73: TOMATO SAUCE 2LT | M73: =SUM(C73:L73) -> 0
A74: 71 | B74: TOMATO SAUCE 4LT | M74: =SUM(C74:L74) -> 0
... A103: 100 | B103: Triple Washed Crystal Salt 1kg | M103: =SUM(C103:L103) -> 0

Sheet 15
A1: Daily achievement sheet (Van/Cluster/Singel /Welimada/DLS Oparations)
A2: Sr | B2: Item Description | M2: ASE
B3: RMS Items | C3: Avissawella | D3: Rathnapura | E3: Hanwella | F3: Horana | G3: Balangoda | H3: Piliyandala | M3: Tatal (B)
A4: 1 | B4: High Sugar- 500gr (Angel) | M4: =SUM(C4:L4) -> 0
A5: 2 | B5: Low Sugar -450gr (Angle) | M5: =SUM(C5:L5) -> 0
A6: 3 | B6: Low Sugar -500gr (Angle) | M6: =SUM(C6:L6) -> 0
A7: 4 | B7: Gloripan Instant Dry Yeast (High Sugar) 500g | M7: =SUM(C7:L7) -> 0
A8: 5 | B8: Gloripan Instant Dry Yeast (Low Sugar) 500g | M8: =SUM(C8:L8) -> 0
A9: 6 | B9: 2 In 1 Yeast 500gr (Low Suger) | M9: =SUM(C9:L9) -> 0
A10: 7 | B10: 2 In 1 Yeast 500gr (High Suger) | M10: =SUM(C10:L10) -> 0
A11: 8 | B11: Bakery Yest total | C11: =SUM(C4:C10) -> 0 | D11: =SUM(D4:D10) -> 0 | E11: =SUM(E4:E10) -> 0 | F11: =SUM(F4:F10) -> 0 | G11: =SUM(G4:G10) -> 0 | H11: =SUM(H4:H10) -> 0 | I11: =SUM(I4:I10) -> 0 | J11: =SUM(J4:J10) -> 0 | ... L11: =SUM(L4:L10) -> 0 | M11: =SUM(C11:L11) -> 0
A12: 9 | B12: Instant Leaven -450gr | M12: =SUM(C12:L12) -> 0
A13: 10 | B13: Instant Leaven -500gr | M13: =SUM(C13:L13) -> 0
A14: 11 | B14: Leaven Total | C14: =SUM(C12:C13) -> 0 | D14: =SUM(D12:D13) -> 0 | E14: =SUM(E12:E13) -> 0 | F14: =SUM(F12:F13) -> 0 | G14: =SUM(G12:G13) -> 0 | H14: =SUM(H12:H13) -> 0 | I14: =SUM(I12:I13) -> 0 | J14: =SUM(J12:J13) -> 0 | ... L14: =SUM(L12:L13) -> 0 | M14: =SUM(C14:L14) -> 0
A15: 12 | B15: Shortening- 15 kg | M15: =SUM(C15:L15) -> 0
A16: 13 | B16: Total Yest | C16: =C11+C14 -> 0 | D16: =D11+D14 -> 0 | E16: =E11+E14 -> 0 | F16: =F11+F14 -> 0 | G16: =G11+G14 -> 0 | H16: =H11+H14 -> 0 | I16: =I11+I14 -> 0 | J16: =J11+J14 -> 0 | ... L16: =L11+L14 -> 0 | M16: =SUM(C16:L16) -> 0
A17: 14 | B17: Angle Dry Yeast 25g | M17: =SUM(C17:L17) -> 0
A18: 15 | B18: Angle Dry Yeast 50g | M18: =SUM(C18:L18) -> 0
A19: 16 | B19: Total Angle Dry Yeast | C19: =SUM(C17:C18) -> 0 | D19: =SUM(D17:D18) -> 0 | E19: =SUM(E17:E18) -> 0 | F19: =SUM(F17:F18) -> 0 | G19: =SUM(G17:G18) -> 0 | H19: =SUM(H17:H18) -> 0 | I19: =SUM(I17:I18) -> 0 | J19: =SUM(J17:J18) -> 0 | ... M19: =SUM(M17:M18) -> 0
A20: 17 | B20: Mitra Margerine (Bakers compound -15kg) | M20: =SUM(C20:L20) -> 0
A21: 18 | B21: Mitra Margerine (Blue Lable) - 15kg | M21: =SUM(C21:L21) -> 0
A22: 19 | B22: Mitra - (Bun Compound 15Kg) | M22: =SUM(C22:L22) -> 0
A23: 20 | B23: Bakers Star Multy Purpes 15kg | M23: =SUM(C23:L23) -> 0
A24: 21 | B24: Bakers Star Primum Cake 15kg | M24: =SUM(C24:L24) -> 0
A25: 22 | B25: Mitra 15Kg (Bread Compound 15Kg) | M25: =SUM(C25:L25) -> 0
A26: 23 | B26: Bakers Star Pastry Margareen 15kg | M26: =SUM(C26:L26) -> 0
A27: 24 | B27: Bakers Star Creming Fat Margareen 15kg | M27: =SUM(C27:L27) -> 0
A28: 25 | B28: Total Magrgering | C28: =SUM(C20:C27) -> 0 | D28: =SUM(D20:D27) -> 0 | E28: =SUM(E20:E27) -> 0 | F28: =SUM(F20:F27) -> 0 | G28: =SUM(G20:G27) -> 0 | H28: =SUM(H20:H27) -> 0 | I28: =SUM(I20:I27) -> 0 | J28: =SUM(J20:J27) -> 0 | ... L28: =SUM(L20:L27) -> 0 | M28: =SUM(C28:L28) -> 0
A29: 26 | B29: Som-Chai 25kg bag | M29: =SUM(C29:L29) -> 0
A30: 27 | B30: Som-Chai G1 25kg bag | M30: =SUM(C30:L30) -> 0
A31: 28 | B31: Bread Improver- 01kg(LD-500) | M31: =SUM(C31:L31) -> 0
A32: 29 | B32: Bread Improver- 01kg(A-800) | M32: =SUM(C32:L32) -> 0
A33: 30 | B33: Som-Chai G2 25kg bag | M33: =SUM(C33:L33) -> 0
A34: 31 | B34: Som-Chai G2 1kg Pkt | M34: =SUM(C34:L34) -> 0
A35: 32 | B35: Som-Chai G2 350g Pkt | M35: =SUM(C35:L35) -> 0
A36: 33 | B36: Pan Grease- 5L | M36: =SUM(C36:L36) -> 0
A37: 34 | B37: Pan Grease- 20L | M37: =SUM(C37:L37) -> 0
A38: 35 | B38: Hybrid Noodles (Red) | M38: =SUM(C38:L38) -> 0
A39: 36 | B39: Isi PVD 400g | M39: =SUM(C39:L39) -> 0
A40: 37 | B40: Isi 1kg | M40: =SUM(C40:L40) -> 0
... A53: 50 | B53: Welcome Crystal 1 Kg | M53: =SUM(C53:L53) -> 0
A54: 51 | M54: =SUM(C54:L54) -> 0
A55: 52 | B55: Bundy Full | M55: =SUM(C55:L55) -> 0
A56: 53 | B56: Esi Salt 1Kg | M56: =SUM(C56:L56) -> 0
A57: 54 | B57: Salt Bulk | M57: =SUM(C57:L57) -> 0
A58: 55 | B58: Esi Rasa Mix - 500g | M58: =SUM(C58:L58) -> 0
A59: 56 | B59: Esi Rasa Mix - 6g | M59: =SUM(C59:L59) -> 0
A60: 57 | B60: Smart Soya & Star Soya | M60: =SUM(C60:L60) -> 0
A61: 58 | B61: Davani Batha | M61: =SUM(C61:L61) -> 0
A62: 59 | B62: Sauce New item | C62: =C72+C73+C74 -> 0 | D62: =D72+D73+D74 -> 0 | E62: =E72+E73+E74 -> 0 | F62: =F72+F73+F74 -> 0 | G62: =G72+G73+G74 -> 0 | H62: =H72+H73+H74 -> 0 | I62: =I72+I73+I74 -> 0 | M62: =SUM(C62:L62) -> 0
A63: 60 | B63: Vineger Bot total | M63: =SUM(C63:L63) -> 0
A64: 61 | B64: Tomato Value | M64: =SUM(C64:L64) -> 0
A65: 62 | B65: Total Pc | M65: =SUM(C65:L65) -> 0
A66: 63 | B66: Total Value Rs. | M66: =SUM(C66:L66) -> 0
A67: 64 | B67: Warking Day | M67: =SUM(C67:L67) -> 0
A68: 65 | B68: Coffe Value | M68: =SUM(C68:L68) -> 0
A69: 66 | B69: Direct Achievement | M69: =SUM(C69:L69) -> 0
A70: 67 | B70: Free Issue Value | M70: =SUM(C70:L70) -> 0
A71: 68 | B71: Discount Value | M71: =SUM(C71:L71) -> 0
A72: 69 | B72: TOMATO SAUCE 1 LT | M72: =SUM(C72:L72) -> 0
A73: 70 | B73: TOMATO SAUCE 2LT | M73: =SUM(C73:L73) -> 0
A74: 71 | B74: TOMATO SAUCE 4LT | M74: =SUM(C74:L74) -> 0
... A103: 100 | B103: Triple Washed Crystal Salt 1kg | M103: =SUM(C103:L103) -> 0

Sheet 16
A1: Daily achievement sheet (Van/Cluster/Singel /Welimada/DLS Oparations)
A2: Sr | B2: Item Description | M2: ASE
B3: RMS Items | C3: Avissawella | D3: Rathnapura | E3: Hanwella | F3: Horana | G3: Balangoda | H3: Piliyandala | M3: Tatal (B)
A4: 1 | B4: High Sugar- 500gr (Angel) | M4: =SUM(C4:L4) -> 0
A5: 2 | B5: Low Sugar -450gr (Angle) | M5: =SUM(C5:L5) -> 0
A6: 3 | B6: Low Sugar -500gr (Angle) | M6: =SUM(C6:L6) -> 0
A7: 4 | B7: Gloripan Instant Dry Yeast (High Sugar) 500g | M7: =SUM(C7:L7) -> 0
A8: 5 | B8: Gloripan Instant Dry Yeast (Low Sugar) 500g | M8: =SUM(C8:L8) -> 0
A9: 6 | B9: 2 In 1 Yeast 500gr (Low Suger) | M9: =SUM(C9:L9) -> 0
A10: 7 | B10: 2 In 1 Yeast 500gr (High Suger) | M10: =SUM(C10:L10) -> 0
A11: 8 | B11: Bakery Yest total | C11: =SUM(C4:C10) -> 0 | D11: =SUM(D4:D10) -> 0 | E11: =SUM(E4:E10) -> 0 | F11: =SUM(F4:F10) -> 0 | G11: =SUM(G4:G10) -> 0 | H11: =SUM(H4:H10) -> 0 | I11: =SUM(I4:I10) -> 0 | J11: =SUM(J4:J10) -> 0 | ... L11: =SUM(L4:L10) -> 0 | M11: =SUM(C11:L11) -> 0
A12: 9 | B12: Instant Leaven -450gr | M12: =SUM(C12:L12) -> 0
A13: 10 | B13: Instant Leaven -500gr | M13: =SUM(C13:L13) -> 0
A14: 11 | B14: Leaven Total | C14: =SUM(C12:C13) -> 0 | D14: =SUM(D12:D13) -> 0 | E14: =SUM(E12:E13) -> 0 | F14: =SUM(F12:F13) -> 0 | G14: =SUM(G12:G13) -> 0 | H14: =SUM(H12:H13) -> 0 | I14: =SUM(I12:I13) -> 0 | J14: =SUM(J12:J13) -> 0 | ... L14: =SUM(L12:L13) -> 0 | M14: =SUM(C14:L14) -> 0
A15: 12 | B15: Shortening- 15 kg | M15: =SUM(C15:L15) -> 0
A16: 13 | B16: Total Yest | C16: =C11+C14 -> 0 | D16: =D11+D14 -> 0 | E16: =E11+E14 -> 0 | F16: =F11+F14 -> 0 | G16: =G11+G14 -> 0 | H16: =H11+H14 -> 0 | I16: =I11+I14 -> 0 | J16: =J11+J14 -> 0 | ... L16: =L11+L14 -> 0 | M16: =SUM(C16:L16) -> 0
A17: 14 | B17: Angle Dry Yeast 25g | M17: =SUM(C17:L17) -> 0
A18: 15 | B18: Angle Dry Yeast 50g | M18: =SUM(C18:L18) -> 0
A19: 16 | B19: Total Angle Dry Yeast | C19: =SUM(C17:C18) -> 0 | D19: =SUM(D17:D18) -> 0 | E19: =SUM(E17:E18) -> 0 | F19: =SUM(F17:F18) -> 0 | G19: =SUM(G17:G18) -> 0 | H19: =SUM(H17:H18) -> 0 | I19: =SUM(I17:I18) -> 0 | J19: =SUM(J17:J18) -> 0 | ... M19: =SUM(M17:M18) -> 0
A20: 17 | B20: Mitra Margerine (Bakers compound -15kg) | M20: =SUM(C20:L20) -> 0
A21: 18 | B21: Mitra Margerine (Blue Lable) - 15kg | M21: =SUM(C21:L21) -> 0
A22: 19 | B22: Mitra - (Bun Compound 15Kg) | M22: =SUM(C22:L22) -> 0
A23: 20 | B23: Bakers Star Multy Purpes 15kg | M23: =SUM(C23:L23) -> 0
A24: 21 | B24: Bakers Star Primum Cake 15kg | M24: =SUM(C24:L24) -> 0
A25: 22 | B25: Mitra 15Kg (Bread Compound 15Kg) | M25: =SUM(C25:L25) -> 0
A26: 23 | B26: Bakers Star Pastry Margareen 15kg | M26: =SUM(C26:L26) -> 0
A27: 24 | B27: Bakers Star Creming Fat Margareen 15kg | M27: =SUM(C27:L27) -> 0
A28: 25 | B28: Total Magrgering | C28: =SUM(C20:C27) -> 0 | D28: =SUM(D20:D27) -> 0 | E28: =SUM(E20:E27) -> 0 | F28: =SUM(F20:F27) -> 0 | G28: =SUM(G20:G27) -> 0 | H28: =SUM(H20:H27) -> 0 | I28: =SUM(I20:I27) -> 0 | J28: =SUM(J20:J27) -> 0 | ... L28: =SUM(L20:L27) -> 0 | M28: =SUM(C28:L28) -> 0
A29: 26 | B29: Som-Chai 25kg bag | M29: =SUM(C29:L29) -> 0
A30: 27 | B30: Som-Chai G1 25kg bag | M30: =SUM(C30:L30) -> 0
A31: 28 | B31: Bread Improver- 01kg(LD-500) | M31: =SUM(C31:L31) -> 0
A32: 29 | B32: Bread Improver- 01kg(A-800) | M32: =SUM(C32:L32) -> 0
A33: 30 | B33: Som-Chai G2 25kg bag | M33: =SUM(C33:L33) -> 0
A34: 31 | B34: Som-Chai G2 1kg Pkt | M34: =SUM(C34:L34) -> 0
A35: 32 | B35: Som-Chai G2 350g Pkt | M35: =SUM(C35:L35) -> 0
A36: 33 | B36: Pan Grease- 5L | M36: =SUM(C36:L36) -> 0
A37: 34 | B37: Pan Grease- 20L | M37: =SUM(C37:L37) -> 0
A38: 35 | B38: Hybrid Noodles (Red) | M38: =SUM(C38:L38) -> 0
A39: 36 | B39: Isi PVD 400g | M39: =SUM(C39:L39) -> 0
A40: 37 | B40: Isi 1kg | M40: =SUM(C40:L40) -> 0
... A53: 50 | B53: Welcome Crystal 1 Kg | M53: =SUM(C53:L53) -> 0
A54: 51 | M54: =SUM(C54:L54) -> 0
A55: 52 | B55: Bundy Full | M55: =SUM(C55:L55) -> 0
A56: 53 | B56: Esi Salt 1Kg | M56: =SUM(C56:L56) -> 0
A57: 54 | B57: Salt Bulk | M57: =SUM(C57:L57) -> 0
A58: 55 | B58: Esi Rasa Mix - 500g | M58: =SUM(C58:L58) -> 0
A59: 56 | B59: Esi Rasa Mix - 6g | M59: =SUM(C59:L59) -> 0
A60: 57 | B60: Smart Soya & Star Soya | M60: =SUM(C60:L60) -> 0
A61: 58 | B61: Davani Batha | M61: =SUM(C61:L61) -> 0
A62: 59 | B62: Sauce New item | C62: =C72+C73+C74 -> 0 | D62: =D72+D73+D74 -> 0 | E62: =E72+E73+E74 -> 0 | F62: =F72+F73+F74 -> 0 | G62: =G72+G73+G74 -> 0 | H62: =H72+H73+H74 -> 0 | I62: =I72+I73+I74 -> 0 | M62: =SUM(C62:L62) -> 0
A63: 60 | B63: Vineger Bot total | M63: =SUM(C63:L63) -> 0
A64: 61 | B64: Tomato Value | M64: =SUM(C64:L64) -> 0
A65: 62 | B65: Total Pc | M65: =SUM(C65:L65) -> 0
A66: 63 | B66: Total Value Rs. | M66: =SUM(C66:L66) -> 0
A67: 64 | B67: Warking Day | M67: =SUM(C67:L67) -> 0
A68: 65 | B68: Coffe Value | M68: =SUM(C68:L68) -> 0
A69: 66 | B69: Direct Achievement | M69: =SUM(C69:L69) -> 0
A70: 67 | B70: Free Issue Value | M70: =SUM(C70:L70) -> 0
A71: 68 | B71: Discount Value | M71: =SUM(C71:L71) -> 0
A72: 69 | B72: TOMATO SAUCE 1 LT | M72: =SUM(C72:L72) -> 0
A73: 70 | B73: TOMATO SAUCE 2LT | M73: =SUM(C73:L73) -> 0
A74: 71 | B74: TOMATO SAUCE 4LT | M74: =SUM(C74:L74) -> 0
... A103: 100 | B103: Triple Washed Crystal Salt 1kg | M103: =SUM(C103:L103) -> 0

Sheet 17
A1: Daily achievement sheet (Van/Cluster/Singel /Welimada/DLS Oparations)
A2: Sr | B2: Item Description | M2: ASE
B3: RMS Items | C3: Avissawella | D3: Rathnapura | E3: Hanwella | F3: Horana | G3: Balangoda | H3: Piliyandala | M3: Tatal (B)
A4: 1 | B4: High Sugar- 500gr (Angel) | M4: =SUM(C4:L4) -> 0
A5: 2 | B5: Low Sugar -450gr (Angle) | M5: =SUM(C5:L5) -> 0
A6: 3 | B6: Low Sugar -500gr (Angle) | M6: =SUM(C6:L6) -> 0
A7: 4 | B7: Gloripan Instant Dry Yeast (High Sugar) 500g | M7: =SUM(C7:L7) -> 0
A8: 5 | B8: Gloripan Instant Dry Yeast (Low Sugar) 500g | M8: =SUM(C8:L8) -> 0
A9: 6 | B9: 2 In 1 Yeast 500gr (Low Suger) | M9: =SUM(C9:L9) -> 0
A10: 7 | B10: 2 In 1 Yeast 500gr (High Suger) | M10: =SUM(C10:L10) -> 0
A11: 8 | B11: Bakery Yest total | C11: =SUM(C4:C10) -> 0 | D11: =SUM(D4:D10) -> 0 | E11: =SUM(E4:E10) -> 0 | F11: =SUM(F4:F10) -> 0 | G11: =SUM(G4:G10) -> 0 | H11: =SUM(H4:H10) -> 0 | I11: =SUM(I4:I10) -> 0 | J11: =SUM(J4:J10) -> 0 | ... L11: =SUM(L4:L10) -> 0 | M11: =SUM(C11:L11) -> 0
A12: 9 | B12: Instant Leaven -450gr | M12: =SUM(C12:L12) -> 0
A13: 10 | B13: Instant Leaven -500gr | M13: =SUM(C13:L13) -> 0
A14: 11 | B14: Leaven Total | C14: =SUM(C12:C13) -> 0 | D14: =SUM(D12:D13) -> 0 | E14: =SUM(E12:E13) -> 0 | F14: =SUM(F12:F13) -> 0 | G14: =SUM(G12:G13) -> 0 | H14: =SUM(H12:H13) -> 0 | I14: =SUM(I12:I13) -> 0 | J14: =SUM(J12:J13) -> 0 | ... L14: =SUM(L12:L13) -> 0 | M14: =SUM(C14:L14) -> 0
A15: 12 | B15: Shortening- 15 kg | M15: =SUM(C15:L15) -> 0
A16: 13 | B16: Total Yest | C16: =C11+C14 -> 0 | D16: =D11+D14 -> 0 | E16: =E11+E14 -> 0 | F16: =F11+F14 -> 0 | G16: =G11+G14 -> 0 | H16: =H11+H14 -> 0 | I16: =I11+I14 -> 0 | J16: =J11+J14 -> 0 | ... L16: =L11+L14 -> 0 | M16: =SUM(C16:L16) -> 0
A17: 14 | B17: Angle Dry Yeast 25g | M17: =SUM(C17:L17) -> 0
A18: 15 | B18: Angle Dry Yeast 50g | M18: =SUM(C18:L18) -> 0
A19: 16 | B19: Total Angle Dry Yeast | C19: =SUM(C17:C18) -> 0 | D19: =SUM(D17:D18) -> 0 | E19: =SUM(E17:E18) -> 0 | F19: =SUM(F17:F18) -> 0 | G19: =SUM(G17:G18) -> 0 | H19: =SUM(H17:H18) -> 0 | I19: =SUM(I17:I18) -> 0 | J19: =SUM(J17:J18) -> 0 | ... M19: =SUM(M17:M18) -> 0
A20: 17 | B20: Mitra Margerine (Bakers compound -15kg) | M20: =SUM(C20:L20) -> 0
A21: 18 | B21: Mitra Margerine (Blue Lable) - 15kg | M21: =SUM(C21:L21) -> 0
A22: 19 | B22: Mitra - (Bun Compound 15Kg) | M22: =SUM(C22:L22) -> 0
A23: 20 | B23: Bakers Star Multy Purpes 15kg | M23: =SUM(C23:L23) -> 0
A24: 21 | B24: Bakers Star Primum Cake 15kg | M24: =SUM(C24:L24) -> 0
A25: 22 | B25: Mitra 15Kg (Bread Compound 15Kg) | M25: =SUM(C25:L25) -> 0
A26: 23 | B26: Bakers Star Pastry Margareen 15kg | M26: =SUM(C26:L26) -> 0
A27: 24 | B27: Bakers Star Creming Fat Margareen 15kg | M27: =SUM(C27:L27) -> 0
A28: 25 | B28: Total Magrgering | C28: =SUM(C20:C27) -> 0 | D28: =SUM(D20:D27) -> 0 | E28: =SUM(E20:E27) -> 0 | F28: =SUM(F20:F27) -> 0 | G28: =SUM(G20:G27) -> 0 | H28: =SUM(H20:H27) -> 0 | I28: =SUM(I20:I27) -> 0 | J28: =SUM(J20:J27) -> 0 | ... L28: =SUM(L20:L27) -> 0 | M28: =SUM(C28:L28) -> 0
A29: 26 | B29: Som-Chai 25kg bag | M29: =SUM(C29:L29) -> 0
A30: 27 | B30: Som-Chai G1 25kg bag | M30: =SUM(C30:L30) -> 0
A31: 28 | B31: Bread Improver- 01kg(LD-500) | M31: =SUM(C31:L31) -> 0
A32: 29 | B32: Bread Improver- 01kg(A-800) | M32: =SUM(C32:L32) -> 0
A33: 30 | B33: Som-Chai G2 25kg bag | M33: =SUM(C33:L33) -> 0
A34: 31 | B34: Som-Chai G2 1kg Pkt | M34: =SUM(C34:L34) -> 0
A35: 32 | B35: Som-Chai G2 350g Pkt | M35: =SUM(C35:L35) -> 0
A36: 33 | B36: Pan Grease- 5L | M36: =SUM(C36:L36) -> 0
A37: 34 | B37: Pan Grease- 20L | M37: =SUM(C37:L37) -> 0
A38: 35 | B38: Hybrid Noodles (Red) | M38: =SUM(C38:L38) -> 0
A39: 36 | B39: Isi PVD 400g | M39: =SUM(C39:L39) -> 0
A40: 37 | B40: Isi 1kg | M40: =SUM(C40:L40) -> 0
... A53: 50 | B53: Welcome Crystal 1 Kg | M53: =SUM(C53:L53) -> 0
A54: 51 | M54: =SUM(C54:L54) -> 0
A55: 52 | B55: Bundy Full | M55: =SUM(C55:L55) -> 0
A56: 53 | B56: Esi Salt 1Kg | M56: =SUM(C56:L56) -> 0
A57: 54 | B57: Salt Bulk | M57: =SUM(C57:L57) -> 0
A58: 55 | B58: Esi Rasa Mix - 500g | M58: =SUM(C58:L58) -> 0
A59: 56 | B59: Esi Rasa Mix - 6g | M59: =SUM(C59:L59) -> 0
A60: 57 | B60: Smart Soya & Star Soya | M60: =SUM(C60:L60) -> 0
A61: 58 | B61: Davani Batha | M61: =SUM(C61:L61) -> 0
A62: 59 | B62: Sauce New item | C62: =C72+C73+C74 -> 0 | D62: =D72+D73+D74 -> 0 | E62: =E72+E73+E74 -> 0 | F62: =F72+F73+F74 -> 0 | G62: =G72+G73+G74 -> 0 | H62: =H72+H73+H74 -> 0 | I62: =I72+I73+I74 -> 0 | M62: =SUM(C62:L62) -> 0
A63: 60 | B63: Vineger Bot total | M63: =SUM(C63:L63) -> 0
A64: 61 | B64: Tomato Value | M64: =SUM(C64:L64) -> 0
A65: 62 | B65: Total Pc | M65: =SUM(C65:L65) -> 0
A66: 63 | B66: Total Value Rs. | M66: =SUM(C66:L66) -> 0
A67: 64 | B67: Warking Day | M67: =SUM(C67:L67) -> 0
A68: 65 | B68: Coffe Value | M68: =SUM(C68:L68) -> 0
A69: 66 | B69: Direct Achievement | M69: =SUM(C69:L69) -> 0
A70: 67 | B70: Free Issue Value | M70: =SUM(C70:L70) -> 0
A71: 68 | B71: Discount Value | M71: =SUM(C71:L71) -> 0
A72: 69 | B72: TOMATO SAUCE 1 LT | M72: =SUM(C72:L72) -> 0
A73: 70 | B73: TOMATO SAUCE 2LT | M73: =SUM(C73:L73) -> 0
A74: 71 | B74: TOMATO SAUCE 4LT | M74: =SUM(C74:L74) -> 0
... A103: 100 | B103: Triple Washed Crystal Salt 1kg | M103: =SUM(C103:L103) -> 0

Sheet 18
A1: Daily achievement sheet (Van/Cluster/Singel /Welimada/DLS Oparations)
A2: Sr | B2: Item Description | M2: ASE
B3: RMS Items | C3: Avissawella | D3: Rathnapura | E3: Hanwella | F3: Horana | G3: Balangoda | H3: Piliyandala | M3: Tatal (B)
A4: 1 | B4: High Sugar- 500gr (Angel) | M4: =SUM(C4:L4) -> 0
A5: 2 | B5: Low Sugar -450gr (Angle) | M5: =SUM(C5:L5) -> 0
A6: 3 | B6: Low Sugar -500gr (Angle) | M6: =SUM(C6:L6) -> 0
A7: 4 | B7: Gloripan Instant Dry Yeast (High Sugar) 500g | M7: =SUM(C7:L7) -> 0
A8: 5 | B8: Gloripan Instant Dry Yeast (Low Sugar) 500g | M8: =SUM(C8:L8) -> 0
A9: 6 | B9: 2 In 1 Yeast 500gr (Low Suger) | M9: =SUM(C9:L9) -> 0
A10: 7 | B10: 2 In 1 Yeast 500gr (High Suger) | M10: =SUM(C10:L10) -> 0
A11: 8 | B11: Bakery Yest total | C11: =SUM(C4:C10) -> 0 | D11: =SUM(D4:D10) -> 0 | E11: =SUM(E4:E10) -> 0 | F11: =SUM(F4:F10) -> 0 | G11: =SUM(G4:G10) -> 0 | H11: =SUM(H4:H10) -> 0 | I11: =SUM(I4:I10) -> 0 | J11: =SUM(J4:J10) -> 0 | ... L11: =SUM(L4:L10) -> 0 | M11: =SUM(C11:L11) -> 0
A12: 9 | B12: Instant Leaven -450gr | M12: =SUM(C12:L12) -> 0
A13: 10 | B13: Instant Leaven -500gr | M13: =SUM(C13:L13) -> 0
A14: 11 | B14: Leaven Total | C14: =SUM(C12:C13) -> 0 | D14: =SUM(D12:D13) -> 0 | E14: =SUM(E12:E13) -> 0 | F14: =SUM(F12:F13) -> 0 | G14: =SUM(G12:G13) -> 0 | H14: =SUM(H12:H13) -> 0 | I14: =SUM(I12:I13) -> 0 | J14: =SUM(J12:J13) -> 0 | ... L14: =SUM(L12:L13) -> 0 | M14: =SUM(C14:L14) -> 0
A15: 12 | B15: Shortening- 15 kg | M15: =SUM(C15:L15) -> 0
A16: 13 | B16: Total Yest | C16: =C11+C14 -> 0 | D16: =D11+D14 -> 0 | E16: =E11+E14 -> 0 | F16: =F11+F14 -> 0 | G16: =G11+G14 -> 0 | H16: =H11+H14 -> 0 | I16: =I11+I14 -> 0 | J16: =J11+J14 -> 0 | ... L16: =L11+L14 -> 0 | M16: =SUM(C16:L16) -> 0
A17: 14 | B17: Angle Dry Yeast 25g | M17: =SUM(C17:L17) -> 0
A18: 15 | B18: Angle Dry Yeast 50g | M18: =SUM(C18:L18) -> 0
A19: 16 | B19: Total Angle Dry Yeast | C19: =SUM(C17:C18) -> 0 | D19: =SUM(D17:D18) -> 0 | E19: =SUM(E17:E18) -> 0 | F19: =SUM(F17:F18) -> 0 | G19: =SUM(G17:G18) -> 0 | H19: =SUM(H17:H18) -> 0 | I19: =SUM(I17:I18) -> 0 | J19: =SUM(J17:J18) -> 0 | ... M19: =SUM(M17:M18) -> 0
A20: 17 | B20: Mitra Margerine (Bakers compound -15kg) | M20: =SUM(C20:L20) -> 0
A21: 18 | B21: Mitra Margerine (Blue Lable) - 15kg | M21: =SUM(C21:L21) -> 0
A22: 19 | B22: Mitra - (Bun Compound 15Kg) | M22: =SUM(C22:L22) -> 0
A23: 20 | B23: Bakers Star Multy Purpes 15kg | M23: =SUM(C23:L23) -> 0
A24: 21 | B24: Bakers Star Primum Cake 15kg | M24: =SUM(C24:L24) -> 0
A25: 22 | B25: Mitra 15Kg (Bread Compound 15Kg) | M25: =SUM(C25:L25) -> 0
A26: 23 | B26: Bakers Star Pastry Margareen 15kg | M26: =SUM(C26:L26) -> 0
A27: 24 | B27: Bakers Star Creming Fat Margareen 15kg | M27: =SUM(C27:L27) -> 0
A28: 25 | B28: Total Magrgering | C28: =SUM(C20:C27) -> 0 | D28: =SUM(D20:D27) -> 0 | E28: =SUM(E20:E27) -> 0 | F28: =SUM(F20:F27) -> 0 | G28: =SUM(G20:G27) -> 0 | H28: =SUM(H20:H27) -> 0 | I28: =SUM(I20:I27) -> 0 | J28: =SUM(J20:J27) -> 0 | ... L28: =SUM(L20:L27) -> 0 | M28: =SUM(C28:L28) -> 0
A29: 26 | B29: Som-Chai 25kg bag | M29: =SUM(C29:L29) -> 0
A30: 27 | B30: Som-Chai G1 25kg bag | M30: =SUM(C30:L30) -> 0
A31: 28 | B31: Bread Improver- 01kg(LD-500) | M31: =SUM(C31:L31) -> 0
A32: 29 | B32: Bread Improver- 01kg(A-800) | M32: =SUM(C32:L32) -> 0
A33: 30 | B33: Som-Chai G2 25kg bag | M33: =SUM(C33:L33) -> 0
A34: 31 | B34: Som-Chai G2 1kg Pkt | M34: =SUM(C34:L34) -> 0
A35: 32 | B35: Som-Chai G2 350g Pkt | M35: =SUM(C35:L35) -> 0
A36: 33 | B36: Pan Grease- 5L | M36: =SUM(C36:L36) -> 0
A37: 34 | B37: Pan Grease- 20L | M37: =SUM(C37:L37) -> 0
A38: 35 | B38: Hybrid Noodles (Red) | M38: =SUM(C38:L38) -> 0
A39: 36 | B39: Isi PVD 400g | M39: =SUM(C39:L39) -> 0
A40: 37 | B40: Isi 1kg | M40: =SUM(C40:L40) -> 0
... A53: 50 | B53: Welcome Crystal 1 Kg | M53: =SUM(C53:L53) -> 0
A54: 51 | M54: =SUM(C54:L54) -> 0
A55: 52 | B55: Bundy Full | M55: =SUM(C55:L55) -> 0
A56: 53 | B56: Esi Salt 1Kg | M56: =SUM(C56:L56) -> 0
A57: 54 | B57: Salt Bulk | M57: =SUM(C57:L57) -> 0
A58: 55 | B58: Esi Rasa Mix - 500g | M58: =SUM(C58:L58) -> 0
A59: 56 | B59: Esi Rasa Mix - 6g | M59: =SUM(C59:L59) -> 0
A60: 57 | B60: Smart Soya & Star Soya | M60: =SUM(C60:L60) -> 0
A61: 58 | B61: Davani Batha | M61: =SUM(C61:L61) -> 0
A62: 59 | B62: Sauce New item | C62: =C72+C73+C74 -> 0 | D62: =D72+D73+D74 -> 0 | E62: =E72+E73+E74 -> 0 | F62: =F72+F73+F74 -> 0 | G62: =G72+G73+G74 -> 0 | H62: =H72+H73+H74 -> 0 | I62: =I72+I73+I74 -> 0 | M62: =SUM(C62:L62) -> 0
A63: 60 | B63: Vineger Bot total | M63: =SUM(C63:L63) -> 0
A64: 61 | B64: Tomato Value | M64: =SUM(C64:L64) -> 0
A65: 62 | B65: Total Pc | M65: =SUM(C65:L65) -> 0
A66: 63 | B66: Total Value Rs. | M66: =SUM(C66:L66) -> 0
A67: 64 | B67: Warking Day | M67: =SUM(C67:L67) -> 0
A68: 65 | B68: Coffe Value | M68: =SUM(C68:L68) -> 0
A69: 66 | B69: Direct Achievement | M69: =SUM(C69:L69) -> 0
A70: 67 | B70: Free Issue Value | M70: =SUM(C70:L70) -> 0
A71: 68 | B71: Discount Value | M71: =SUM(C71:L71) -> 0
A72: 69 | B72: TOMATO SAUCE 1 LT | M72: =SUM(C72:L72) -> 0
A73: 70 | B73: TOMATO SAUCE 2LT | M73: =SUM(C73:L73) -> 0
A74: 71 | B74: TOMATO SAUCE 4LT | M74: =SUM(C74:L74) -> 0
... A103: 100 | B103: Triple Washed Crystal Salt 1kg | M103: =SUM(C103:L103) -> 0

Sheet 19
A1: Daily achievement sheet (Van/Cluster/Singel /Welimada/DLS Oparations)
A2: Sr | B2: Item Description | M2: ASE
B3: RMS Items | C3: Avissawella | D3: Rathnapura | E3: Hanwella | F3: Horana | G3: Balangoda | H3: Piliyandala | M3: Tatal (B)
A4: 1 | B4: High Sugar- 500gr (Angel) | M4: =SUM(C4:L4) -> 0
A5: 2 | B5: Low Sugar -450gr (Angle) | M5: =SUM(C5:L5) -> 0
A6: 3 | B6: Low Sugar -500gr (Angle) | M6: =SUM(C6:L6) -> 0
A7: 4 | B7: Gloripan Instant Dry Yeast (High Sugar) 500g | M7: =SUM(C7:L7) -> 0
A8: 5 | B8: Gloripan Instant Dry Yeast (Low Sugar) 500g | M8: =SUM(C8:L8) -> 0
A9: 6 | B9: 2 In 1 Yeast 500gr (Low Suger) | M9: =SUM(C9:L9) -> 0
A10: 7 | B10: 2 In 1 Yeast 500gr (High Suger) | M10: =SUM(C10:L10) -> 0
A11: 8 | B11: Bakery Yest total | C11: =SUM(C4:C10) -> 0 | D11: =SUM(D4:D10) -> 0 | E11: =SUM(E4:E10) -> 0 | F11: =SUM(F4:F10) -> 0 | G11: =SUM(G4:G10) -> 0 | H11: =SUM(H4:H10) -> 0 | I11: =SUM(I4:I10) -> 0 | J11: =SUM(J4:J10) -> 0 | ... L11: =SUM(L4:L10) -> 0 | M11: =SUM(C11:L11) -> 0
A12: 9 | B12: Instant Leaven -450gr | M12: =SUM(C12:L12) -> 0
A13: 10 | B13: Instant Leaven -500gr | M13: =SUM(C13:L13) -> 0
A14: 11 | B14: Leaven Total | C14: =SUM(C12:C13) -> 0 | D14: =SUM(D12:D13) -> 0 | E14: =SUM(E12:E13) -> 0 | F14: =SUM(F12:F13) -> 0 | G14: =SUM(G12:G13) -> 0 | H14: =SUM(H12:H13) -> 0 | I14: =SUM(I12:I13) -> 0 | J14: =SUM(J12:J13) -> 0 | ... L14: =SUM(L12:L13) -> 0 | M14: =SUM(C14:L14) -> 0
A15: 12 | B15: Shortening- 15 kg | M15: =SUM(C15:L15) -> 0
A16: 13 | B16: Total Yest | C16: =C11+C14 -> 0 | D16: =D11+D14 -> 0 | E16: =E11+E14 -> 0 | F16: =F11+F14 -> 0 | G16: =G11+G14 -> 0 | H16: =H11+H14 -> 0 | I16: =I11+I14 -> 0 | J16: =J11+J14 -> 0 | ... L16: =L11+L14 -> 0 | M16: =SUM(C16:L16) -> 0
A17: 14 | B17: Angle Dry Yeast 25g | M17: =SUM(C17:L17) -> 0
A18: 15 | B18: Angle Dry Yeast 50g | M18: =SUM(C18:L18) -> 0
A19: 16 | B19: Total Angle Dry Yeast | C19: =SUM(C17:C18) -> 0 | D19: =SUM(D17:D18) -> 0 | E19: =SUM(E17:E18) -> 0 | F19: =SUM(F17:F18) -> 0 | G19: =SUM(G17:G18) -> 0 | H19: =SUM(H17:H18) -> 0 | I19: =SUM(I17:I18) -> 0 | J19: =SUM(J17:J18) -> 0 | ... M19: =SUM(M17:M18) -> 0
A20: 17 | B20: Mitra Margerine (Bakers compound -15kg) | M20: =SUM(C20:L20) -> 0
A21: 18 | B21: Mitra Margerine (Blue Lable) - 15kg | M21: =SUM(C21:L21) -> 0
A22: 19 | B22: Mitra - (Bun Compound 15Kg) | M22: =SUM(C22:L22) -> 0
A23: 20 | B23: Bakers Star Multy Purpes 15kg | M23: =SUM(C23:L23) -> 0
A24: 21 | B24: Bakers Star Primum Cake 15kg | M24: =SUM(C24:L24) -> 0
A25: 22 | B25: Mitra 15Kg (Bread Compound 15Kg) | M25: =SUM(C25:L25) -> 0
A26: 23 | B26: Bakers Star Pastry Margareen 15kg | M26: =SUM(C26:L26) -> 0
A27: 24 | B27: Bakers Star Creming Fat Margareen 15kg | M27: =SUM(C27:L27) -> 0
A28: 25 | B28: Total Magrgering | C28: =SUM(C20:C27) -> 0 | D28: =SUM(D20:D27) -> 0 | E28: =SUM(E20:E27) -> 0 | F28: =SUM(F20:F27) -> 0 | G28: =SUM(G20:G27) -> 0 | H28: =SUM(H20:H27) -> 0 | I28: =SUM(I20:I27) -> 0 | J28: =SUM(J20:J27) -> 0 | ... L28: =SUM(L20:L27) -> 0 | M28: =SUM(C28:L28) -> 0
A29: 26 | B29: Som-Chai 25kg bag | M29: =SUM(C29:L29) -> 0
A30: 27 | B30: Som-Chai G1 25kg bag | M30: =SUM(C30:L30) -> 0
A31: 28 | B31: Bread Improver- 01kg(LD-500) | M31: =SUM(C31:L31) -> 0
A32: 29 | B32: Bread Improver- 01kg(A-800) | M32: =SUM(C32:L32) -> 0
A33: 30 | B33: Som-Chai G2 25kg bag | M33: =SUM(C33:L33) -> 0
A34: 31 | B34: Som-Chai G2 1kg Pkt | M34: =SUM(C34:L34) -> 0
A35: 32 | B35: Som-Chai G2 350g Pkt | M35: =SUM(C35:L35) -> 0
A36: 33 | B36: Pan Grease- 5L | M36: =SUM(C36:L36) -> 0
A37: 34 | B37: Pan Grease- 20L | M37: =SUM(C37:L37) -> 0
A38: 35 | B38: Hybrid Noodles (Red) | M38: =SUM(C38:L38) -> 0
A39: 36 | B39: Isi PVD 400g | M39: =SUM(C39:L39) -> 0
A40: 37 | B40: Isi 1kg | M40: =SUM(C40:L40) -> 0
... A53: 50 | B53: Welcome Crystal 1 Kg | M53: =SUM(C53:L53) -> 0
A54: 51 | M54: =SUM(C54:L54) -> 0
A55: 52 | B55: Bundy Full | M55: =SUM(C55:L55) -> 0
A56: 53 | B56: Esi Salt 1Kg | M56: =SUM(C56:L56) -> 0
A57: 54 | B57: Salt Bulk | M57: =SUM(C57:L57) -> 0
A58: 55 | B58: Esi Rasa Mix - 500g | M58: =SUM(C58:L58) -> 0
A59: 56 | B59: Esi Rasa Mix - 6g | M59: =SUM(C59:L59) -> 0
A60: 57 | B60: Smart Soya & Star Soya | M60: =SUM(C60:L60) -> 0
A61: 58 | B61: Davani Batha | M61: =SUM(C61:L61) -> 0
A62: 59 | B62: Sauce New item | C62: =C72+C73+C74 -> 0 | D62: =D72+D73+D74 -> 0 | E62: =E72+E73+E74 -> 0 | F62: =F72+F73+F74 -> 0 | G62: =G72+G73+G74 -> 0 | H62: =H72+H73+H74 -> 0 | I62: =I72+I73+I74 -> 0 | M62: =SUM(C62:L62) -> 0
A63: 60 | B63: Vineger Bot total | M63: =SUM(C63:L63) -> 0
A64: 61 | B64: Tomato Value | M64: =SUM(C64:L64) -> 0
A65: 62 | B65: Total Pc | M65: =SUM(C65:L65) -> 0
A66: 63 | B66: Total Value Rs. | M66: =SUM(C66:L66) -> 0
A67: 64 | B67: Warking Day | M67: =SUM(C67:L67) -> 0
A68: 65 | B68: Coffe Value | M68: =SUM(C68:L68) -> 0
A69: 66 | B69: Direct Achievement | M69: =SUM(C69:L69) -> 0
A70: 67 | B70: Free Issue Value | M70: =SUM(C70:L70) -> 0
A71: 68 | B71: Discount Value | M71: =SUM(C71:L71) -> 0
A72: 69 | B72: TOMATO SAUCE 1 LT | M72: =SUM(C72:L72) -> 0
A73: 70 | B73: TOMATO SAUCE 2LT | M73: =SUM(C73:L73) -> 0
A74: 71 | B74: TOMATO SAUCE 4LT | M74: =SUM(C74:L74) -> 0
... A103: 100 | B103: Triple Washed Crystal Salt 1kg | M103: =SUM(C103:L103) -> 0

Sheet 20
A1: Daily achievement sheet (Van/Cluster/Singel /Welimada/DLS Oparations)
A2: Sr | B2: Item Description | M2: ASE
B3: RMS Items | C3: Avissawella | D3: Rathnapura | E3: Hanwella | F3: Horana | G3: Balangoda | H3: Piliyandala | M3: Tatal (B)
A4: 1 | B4: High Sugar- 500gr (Angel) | M4: =SUM(C4:L4) -> 0
A5: 2 | B5: Low Sugar -450gr (Angle) | M5: =SUM(C5:L5) -> 0
A6: 3 | B6: Low Sugar -500gr (Angle) | M6: =SUM(C6:L6) -> 0
A7: 4 | B7: Gloripan Instant Dry Yeast (High Sugar) 500g | M7: =SUM(C7:L7) -> 0
A8: 5 | B8: Gloripan Instant Dry Yeast (Low Sugar) 500g | M8: =SUM(C8:L8) -> 0
A9: 6 | B9: 2 In 1 Yeast 500gr (Low Suger) | M9: =SUM(C9:L9) -> 0
A10: 7 | B10: 2 In 1 Yeast 500gr (High Suger) | M10: =SUM(C10:L10) -> 0
A11: 8 | B11: Bakery Yest total | C11: =SUM(C4:C10) -> 0 | D11: =SUM(D4:D10) -> 0 | E11: =SUM(E4:E10) -> 0 | F11: =SUM(F4:F10) -> 0 | G11: =SUM(G4:G10) -> 0 | H11: =SUM(H4:H10) -> 0 | I11: =SUM(I4:I10) -> 0 | J11: =SUM(J4:J10) -> 0 | ... L11: =SUM(L4:L10) -> 0 | M11: =SUM(C11:L11) -> 0
A12: 9 | B12: Instant Leaven -450gr | M12: =SUM(C12:L12) -> 0
A13: 10 | B13: Instant Leaven -500gr | M13: =SUM(C13:L13) -> 0
A14: 11 | B14: Leaven Total | C14: =SUM(C12:C13) -> 0 | D14: =SUM(D12:D13) -> 0 | E14: =SUM(E12:E13) -> 0 | F14: =SUM(F12:F13) -> 0 | G14: =SUM(G12:G13) -> 0 | H14: =SUM(H12:H13) -> 0 | I14: =SUM(I12:I13) -> 0 | J14: =SUM(J12:J13) -> 0 | ... L14: =SUM(L12:L13) -> 0 | M14: =SUM(C14:L14) -> 0
A15: 12 | B15: Shortening- 15 kg | M15: =SUM(C15:L15) -> 0
A16: 13 | B16: Total Yest | C16: =C11+C14 -> 0 | D16: =D11+D14 -> 0 | E16: =E11+E14 -> 0 | F16: =F11+F14 -> 0 | G16: =G11+G14 -> 0 | H16: =H11+H14 -> 0 | I16: =I11+I14 -> 0 | J16: =J11+J14 -> 0 | ... L16: =L11+L14 -> 0 | M16: =SUM(C16:L16) -> 0
A17: 14 | B17: Angle Dry Yeast 25g | M17: =SUM(C17:L17) -> 0
A18: 15 | B18: Angle Dry Yeast 50g | M18: =SUM(C18:L18) -> 0
A19: 16 | B19: Total Angle Dry Yeast | C19: =SUM(C17:C18) -> 0 | D19: =SUM(D17:D18) -> 0 | E19: =SUM(E17:E18) -> 0 | F19: =SUM(F17:F18) -> 0 | G19: =SUM(G17:G18) -> 0 | H19: =SUM(H17:H18) -> 0 | I19: =SUM(I17:I18) -> 0 | J19: =SUM(J17:J18) -> 0 | ... M19: =SUM(M17:M18) -> 0
A20: 17 | B20: Mitra Margerine (Bakers compound -15kg) | M20: =SUM(C20:L20) -> 0
A21: 18 | B21: Mitra Margerine (Blue Lable) - 15kg | M21: =SUM(C21:L21) -> 0
A22: 19 | B22: Mitra - (Bun Compound 15Kg) | M22: =SUM(C22:L22) -> 0
A23: 20 | B23: Bakers Star Multy Purpes 15kg | M23: =SUM(C23:L23) -> 0
A24: 21 | B24: Bakers Star Primum Cake 15kg | M24: =SUM(C24:L24) -> 0
A25: 22 | B25: Mitra 15Kg (Bread Compound 15Kg) | M25: =SUM(C25:L25) -> 0
A26: 23 | B26: Bakers Star Pastry Margareen 15kg | M26: =SUM(C26:L26) -> 0
A27: 24 | B27: Bakers Star Creming Fat Margareen 15kg | M27: =SUM(C27:L27) -> 0
A28: 25 | B28: Total Magrgering | C28: =SUM(C20:C27) -> 0 | D28: =SUM(D20:D27) -> 0 | E28: =SUM(E20:E27) -> 0 | F28: =SUM(F20:F27) -> 0 | G28: =SUM(G20:G27) -> 0 | H28: =SUM(H20:H27) -> 0 | I28: =SUM(I20:I27) -> 0 | J28: =SUM(J20:J27) -> 0 | ... L28: =SUM(L20:L27) -> 0 | M28: =SUM(C28:L28) -> 0
A29: 26 | B29: Som-Chai 25kg bag | M29: =SUM(C29:L29) -> 0
A30: 27 | B30: Som-Chai G1 25kg bag | M30: =SUM(C30:L30) -> 0
A31: 28 | B31: Bread Improver- 01kg(LD-500) | M31: =SUM(C31:L31) -> 0
A32: 29 | B32: Bread Improver- 01kg(A-800) | M32: =SUM(C32:L32) -> 0
A33: 30 | B33: Som-Chai G2 25kg bag | M33: =SUM(C33:L33) -> 0
A34: 31 | B34: Som-Chai G2 1kg Pkt | M34: =SUM(C34:L34) -> 0
A35: 32 | B35: Som-Chai G2 350g Pkt | M35: =SUM(C35:L35) -> 0
A36: 33 | B36: Pan Grease- 5L | M36: =SUM(C36:L36) -> 0
A37: 34 | B37: Pan Grease- 20L | M37: =SUM(C37:L37) -> 0
A38: 35 | B38: Hybrid Noodles (Red) | M38: =SUM(C38:L38) -> 0
A39: 36 | B39: Isi PVD 400g | M39: =SUM(C39:L39) -> 0
A40: 37 | B40: Isi 1kg | M40: =SUM(C40:L40) -> 0
... A53: 50 | B53: Welcome Crystal 1 Kg | M53: =SUM(C53:L53) -> 0
A54: 51 | M54: =SUM(C54:L54) -> 0
A55: 52 | B55: Bundy Full | M55: =SUM(C55:L55) -> 0
A56: 53 | B56: Esi Salt 1Kg | M56: =SUM(C56:L56) -> 0
A57: 54 | B57: Salt Bulk | M57: =SUM(C57:L57) -> 0
A58: 55 | B58: Esi Rasa Mix - 500g | M58: =SUM(C58:L58) -> 0
A59: 56 | B59: Esi Rasa Mix - 6g | M59: =SUM(C59:L59) -> 0
A60: 57 | B60: Smart Soya & Star Soya | M60: =SUM(C60:L60) -> 0
A61: 58 | B61: Davani Batha | M61: =SUM(C61:L61) -> 0
A62: 59 | B62: Sauce New item | C62: =C72+C73+C74 -> 0 | D62: =D72+D73+D74 -> 0 | E62: =E72+E73+E74 -> 0 | F62: =F72+F73+F74 -> 0 | G62: =G72+G73+G74 -> 0 | H62: =H72+H73+H74 -> 0 | I62: =I72+I73+I74 -> 0 | M62: =SUM(C62:L62) -> 0
A63: 60 | B63: Vineger Bot total | M63: =SUM(C63:L63) -> 0
A64: 61 | B64: Tomato Value | M64: =SUM(C64:L64) -> 0
A65: 62 | B65: Total Pc | M65: =SUM(C65:L65) -> 0
A66: 63 | B66: Total Value Rs. | M66: =SUM(C66:L66) -> 0
A67: 64 | B67: Warking Day | M67: =SUM(C67:L67) -> 0
A68: 65 | B68: Coffe Value | M68: =SUM(C68:L68) -> 0
A69: 66 | B69: Direct Achievement | M69: =SUM(C69:L69) -> 0
A70: 67 | B70: Free Issue Value | M70: =SUM(C70:L70) -> 0
A71: 68 | B71: Discount Value | M71: =SUM(C71:L71) -> 0
A72: 69 | B72: TOMATO SAUCE 1 LT | M72: =SUM(C72:L72) -> 0
A73: 70 | B73: TOMATO SAUCE 2LT | M73: =SUM(C73:L73) -> 0
A74: 71 | B74: TOMATO SAUCE 4LT | M74: =SUM(C74:L74) -> 0
... A103: 100 | B103: Triple Washed Crystal Salt 1kg | M103: =SUM(C103:L103) -> 0

Sheet 21
A1: Daily achievement sheet (Van/Cluster/Singel /Welimada/DLS Oparations)
A2: Sr | B2: Item Description | M2: ASE
B3: RMS Items | C3: Avissawella | D3: Rathnapura | E3: Hanwella | F3: Horana | G3: Balangoda | H3: Piliyandala | M3: Tatal (B)
A4: 1 | B4: High Sugar- 500gr (Angel) | M4: =SUM(C4:L4) -> 0
A5: 2 | B5: Low Sugar -450gr (Angle) | M5: =SUM(C5:L5) -> 0
A6: 3 | B6: Low Sugar -500gr (Angle) | M6: =SUM(C6:L6) -> 0
A7: 4 | B7: Gloripan Instant Dry Yeast (High Sugar) 500g | M7: =SUM(C7:L7) -> 0
A8: 5 | B8: Gloripan Instant Dry Yeast (Low Sugar) 500g | M8: =SUM(C8:L8) -> 0
A9: 6 | B9: 2 In 1 Yeast 500gr (Low Suger) | M9: =SUM(C9:L9) -> 0
A10: 7 | B10: 2 In 1 Yeast 500gr (High Suger) | M10: =SUM(C10:L10) -> 0
A11: 8 | B11: Bakery Yest total | C11: =SUM(C4:C10) -> 0 | D11: =SUM(D4:D10) -> 0 | E11: =SUM(E4:E10) -> 0 | F11: =SUM(F4:F10) -> 0 | G11: =SUM(G4:G10) -> 0 | H11: =SUM(H4:H10) -> 0 | I11: =SUM(I4:I10) -> 0 | J11: =SUM(J4:J10) -> 0 | ... L11: =SUM(L4:L10) -> 0 | M11: =SUM(C11:L11) -> 0
A12: 9 | B12: Instant Leaven -450gr | M12: =SUM(C12:L12) -> 0
A13: 10 | B13: Instant Leaven -500gr | M13: =SUM(C13:L13) -> 0
A14: 11 | B14: Leaven Total | C14: =SUM(C12:C13) -> 0 | D14: =SUM(D12:D13) -> 0 | E14: =SUM(E12:E13) -> 0 | F14: =SUM(F12:F13) -> 0 | G14: =SUM(G12:G13) -> 0 | H14: =SUM(H12:H13) -> 0 | I14: =SUM(I12:I13) -> 0 | J14: =SUM(J12:J13) -> 0 | ... L14: =SUM(L12:L13) -> 0 | M14: =SUM(C14:L14) -> 0
A15: 12 | B15: Shortening- 15 kg | M15: =SUM(C15:L15) -> 0
A16: 13 | B16: Total Yest | C16: =C11+C14 -> 0 | D16: =D11+D14 -> 0 | E16: =E11+E14 -> 0 | F16: =F11+F14 -> 0 | G16: =G11+G14 -> 0 | H16: =H11+H14 -> 0 | I16: =I11+I14 -> 0 | J16: =J11+J14 -> 0 | ... L16: =L11+L14 -> 0 | M16: =SUM(C16:L16) -> 0
A17: 14 | B17: Angle Dry Yeast 25g | M17: =SUM(C17:L17) -> 0
A18: 15 | B18: Angle Dry Yeast 50g | M18: =SUM(C18:L18) -> 0
A19: 16 | B19: Total Angle Dry Yeast | C19: =SUM(C17:C18) -> 0 | D19: =SUM(D17:D18) -> 0 | E19: =SUM(E17:E18) -> 0 | F19: =SUM(F17:F18) -> 0 | G19: =SUM(G17:G18) -> 0 | H19: =SUM(H17:H18) -> 0 | I19: =SUM(I17:I18) -> 0 | J19: =SUM(J17:J18) -> 0 | ... M19: =SUM(M17:M18) -> 0
A20: 17 | B20: Mitra Margerine (Bakers compound -15kg) | M20: =SUM(C20:L20) -> 0
A21: 18 | B21: Mitra Margerine (Blue Lable) - 15kg | M21: =SUM(C21:L21) -> 0
A22: 19 | B22: Mitra - (Bun Compound 15Kg) | M22: =SUM(C22:L22) -> 0
A23: 20 | B23: Bakers Star Multy Purpes 15kg | M23: =SUM(C23:L23) -> 0
A24: 21 | B24: Bakers Star Primum Cake 15kg | M24: =SUM(C24:L24) -> 0
A25: 22 | B25: Mitra 15Kg (Bread Compound 15Kg) | M25: =SUM(C25:L25) -> 0
A26: 23 | B26: Bakers Star Pastry Margareen 15kg | M26: =SUM(C26:L26) -> 0
A27: 24 | B27: Bakers Star Creming Fat Margareen 15kg | M27: =SUM(C27:L27) -> 0
A28: 25 | B28: Total Magrgering | C28: =SUM(C20:C27) -> 0 | D28: =SUM(D20:D27) -> 0 | E28: =SUM(E20:E27) -> 0 | F28: =SUM(F20:F27) -> 0 | G28: =SUM(G20:G27) -> 0 | H28: =SUM(H20:H27) -> 0 | I28: =SUM(I20:I27) -> 0 | J28: =SUM(J20:J27) -> 0 | ... L28: =SUM(L20:L27) -> 0 | M28: =SUM(C28:L28) -> 0
A29: 26 | B29: Som-Chai 25kg bag | M29: =SUM(C29:L29) -> 0
A30: 27 | B30: Som-Chai G1 25kg bag | M30: =SUM(C30:L30) -> 0
A31: 28 | B31: Bread Improver- 01kg(LD-500) | M31: =SUM(C31:L31) -> 0
A32: 29 | B32: Bread Improver- 01kg(A-800) | M32: =SUM(C32:L32) -> 0
A33: 30 | B33: Som-Chai G2 25kg bag | M33: =SUM(C33:L33) -> 0
A34: 31 | B34: Som-Chai G2 1kg Pkt | M34: =SUM(C34:L34) -> 0
A35: 32 | B35: Som-Chai G2 350g Pkt | M35: =SUM(C35:L35) -> 0
A36: 33 | B36: Pan Grease- 5L | M36: =SUM(C36:L36) -> 0
A37: 34 | B37: Pan Grease- 20L | M37: =SUM(C37:L37) -> 0
A38: 35 | B38: Hybrid Noodles (Red) | M38: =SUM(C38:L38) -> 0
A39: 36 | B39: Isi PVD 400g | M39: =SUM(C39:L39) -> 0
A40: 37 | B40: Isi 1kg | M40: =SUM(C40:L40) -> 0
... A53: 50 | B53: Welcome Crystal 1 Kg | M53: =SUM(C53:L53) -> 0
A54: 51 | M54: =SUM(C54:L54) -> 0
A55: 52 | B55: Bundy Full | M55: =SUM(C55:L55) -> 0
A56: 53 | B56: Esi Salt 1Kg | M56: =SUM(C56:L56) -> 0
A57: 54 | B57: Salt Bulk | M57: =SUM(C57:L57) -> 0
A58: 55 | B58: Esi Rasa Mix - 500g | M58: =SUM(C58:L58) -> 0
A59: 56 | B59: Esi Rasa Mix - 6g | M59: =SUM(C59:L59) -> 0
A60: 57 | B60: Smart Soya & Star Soya | M60: =SUM(C60:L60) -> 0
A61: 58 | B61: Davani Batha | M61: =SUM(C61:L61) -> 0
A62: 59 | B62: Sauce New item | C62: =C72+C73+C74 -> 0 | D62: =D72+D73+D74 -> 0 | E62: =E72+E73+E74 -> 0 | F62: =F72+F73+F74 -> 0 | G62: =G72+G73+G74 -> 0 | H62: =H72+H73+H74 -> 0 | I62: =I72+I73+I74 -> 0 | M62: =SUM(C62:L62) -> 0
A63: 60 | B63: Vineger Bot total | M63: =SUM(C63:L63) -> 0
A64: 61 | B64: Tomato Value | M64: =SUM(C64:L64) -> 0
A65: 62 | B65: Total Pc | M65: =SUM(C65:L65) -> 0
A66: 63 | B66: Total Value Rs. | M66: =SUM(C66:L66) -> 0
A67: 64 | B67: Warking Day | M67: =SUM(C67:L67) -> 0
A68: 65 | B68: Coffe Value | M68: =SUM(C68:L68) -> 0
A69: 66 | B69: Direct Achievement | M69: =SUM(C69:L69) -> 0
A70: 67 | B70: Free Issue Value | M70: =SUM(C70:L70) -> 0
A71: 68 | B71: Discount Value | M71: =SUM(C71:L71) -> 0
A72: 69 | B72: TOMATO SAUCE 1 LT | M72: =SUM(C72:L72) -> 0
A73: 70 | B73: TOMATO SAUCE 2LT | M73: =SUM(C73:L73) -> 0
A74: 71 | B74: TOMATO SAUCE 4LT | M74: =SUM(C74:L74) -> 0
... A103: 100 | B103: Triple Washed Crystal Salt 1kg | M103: =SUM(C103:L103) -> 0

Sheet 22
A1: Daily achievement sheet (Van/Cluster/Singel /Welimada/DLS Oparations)
A2: Sr | B2: Item Description | M2: ASE
B3: RMS Items | C3: Avissawella | D3: Rathnapura | E3: Hanwella | F3: Horana | G3: Balangoda | H3: Piliyandala | M3: Tatal (B)
A4: 1 | B4: High Sugar- 500gr (Angel) | M4: =SUM(C4:L4) -> 0
A5: 2 | B5: Low Sugar -450gr (Angle) | M5: =SUM(C5:L5) -> 0
A6: 3 | B6: Low Sugar -500gr (Angle) | M6: =SUM(C6:L6) -> 0
A7: 4 | B7: Gloripan Instant Dry Yeast (High Sugar) 500g | M7: =SUM(C7:L7) -> 0
A8: 5 | B8: Gloripan Instant Dry Yeast (Low Sugar) 500g | M8: =SUM(C8:L8) -> 0
A9: 6 | B9: 2 In 1 Yeast 500gr (Low Suger) | M9: =SUM(C9:L9) -> 0
A10: 7 | B10: 2 In 1 Yeast 500gr (High Suger) | M10: =SUM(C10:L10) -> 0
A11: 8 | B11: Bakery Yest total | C11: =SUM(C4:C10) -> 0 | D11: =SUM(D4:D10) -> 0 | E11: =SUM(E4:E10) -> 0 | F11: =SUM(F4:F10) -> 0 | G11: =SUM(G4:G10) -> 0 | H11: =SUM(H4:H10) -> 0 | I11: =SUM(I4:I10) -> 0 | J11: =SUM(J4:J10) -> 0 | ... L11: =SUM(L4:L10) -> 0 | M11: =SUM(C11:L11) -> 0
A12: 9 | B12: Instant Leaven -450gr | M12: =SUM(C12:L12) -> 0
A13: 10 | B13: Instant Leaven -500gr | M13: =SUM(C13:L13) -> 0
A14: 11 | B14: Leaven Total | C14: =SUM(C12:C13) -> 0 | D14: =SUM(D12:D13) -> 0 | E14: =SUM(E12:E13) -> 0 | F14: =SUM(F12:F13) -> 0 | G14: =SUM(G12:G13) -> 0 | H14: =SUM(H12:H13) -> 0 | I14: =SUM(I12:I13) -> 0 | J14: =SUM(J12:J13) -> 0 | ... L14: =SUM(L12:L13) -> 0 | M14: =SUM(C14:L14) -> 0
A15: 12 | B15: Shortening- 15 kg | M15: =SUM(C15:L15) -> 0
A16: 13 | B16: Total Yest | C16: =C11+C14 -> 0 | D16: =D11+D14 -> 0 | E16: =E11+E14 -> 0 | F16: =F11+F14 -> 0 | G16: =G11+G14 -> 0 | H16: =H11+H14 -> 0 | I16: =I11+I14 -> 0 | J16: =J11+J14 -> 0 | ... L16: =L11+L14 -> 0 | M16: =SUM(C16:L16) -> 0
A17: 14 | B17: Angle Dry Yeast 25g | M17: =SUM(C17:L17) -> 0
A18: 15 | B18: Angle Dry Yeast 50g | M18: =SUM(C18:L18) -> 0
A19: 16 | B19: Total Angle Dry Yeast | C19: =SUM(C17:C18) -> 0 | D19: =SUM(D17:D18) -> 0 | E19: =SUM(E17:E18) -> 0 | F19: =SUM(F17:F18) -> 0 | G19: =SUM(G17:G18) -> 0 | H19: =SUM(H17:H18) -> 0 | I19: =SUM(I17:I18) -> 0 | J19: =SUM(J17:J18) -> 0 | ... M19: =SUM(M17:M18) -> 0
A20: 17 | B20: Mitra Margerine (Bakers compound -15kg) | M20: =SUM(C20:L20) -> 0
A21: 18 | B21: Mitra Margerine (Blue Lable) - 15kg | M21: =SUM(C21:L21) -> 0
A22: 19 | B22: Mitra - (Bun Compound 15Kg) | M22: =SUM(C22:L22) -> 0
A23: 20 | B23: Bakers Star Multy Purpes 15kg | M23: =SUM(C23:L23) -> 0
A24: 21 | B24: Bakers Star Primum Cake 15kg | M24: =SUM(C24:L24) -> 0
A25: 22 | B25: Mitra 15Kg (Bread Compound 15Kg) | M25: =SUM(C25:L25) -> 0
A26: 23 | B26: Bakers Star Pastry Margareen 15kg | M26: =SUM(C26:L26) -> 0
A27: 24 | B27: Bakers Star Creming Fat Margareen 15kg | M27: =SUM(C27:L27) -> 0
A28: 25 | B28: Total Magrgering | C28: =SUM(C20:C27) -> 0 | D28: =SUM(D20:D27) -> 0 | E28: =SUM(E20:E27) -> 0 | F28: =SUM(F20:F27) -> 0 | G28: =SUM(G20:G27) -> 0 | H28: =SUM(H20:H27) -> 0 | I28: =SUM(I20:I27) -> 0 | J28: =SUM(J20:J27) -> 0 | ... L28: =SUM(L20:L27) -> 0 | M28: =SUM(C28:L28) -> 0
A29: 26 | B29: Som-Chai 25kg bag | M29: =SUM(C29:L29) -> 0
A30: 27 | B30: Som-Chai G1 25kg bag | M30: =SUM(C30:L30) -> 0
A31: 28 | B31: Bread Improver- 01kg(LD-500) | M31: =SUM(C31:L31) -> 0
A32: 29 | B32: Bread Improver- 01kg(A-800) | M32: =SUM(C32:L32) -> 0
A33: 30 | B33: Som-Chai G2 25kg bag | M33: =SUM(C33:L33) -> 0
A34: 31 | B34: Som-Chai G2 1kg Pkt | M34: =SUM(C34:L34) -> 0
A35: 32 | B35: Som-Chai G2 350g Pkt | M35: =SUM(C35:L35) -> 0
A36: 33 | B36: Pan Grease- 5L | M36: =SUM(C36:L36) -> 0
A37: 34 | B37: Pan Grease- 20L | M37: =SUM(C37:L37) -> 0
A38: 35 | B38: Hybrid Noodles (Red) | M38: =SUM(C38:L38) -> 0
A39: 36 | B39: Isi PVD 400g | M39: =SUM(C39:L39) -> 0
A40: 37 | B40: Isi 1kg | M40: =SUM(C40:L40) -> 0
... A53: 50 | B53: Welcome Crystal 1 Kg | M53: =SUM(C53:L53) -> 0
A54: 51 | M54: =SUM(C54:L54) -> 0
A55: 52 | B55: Bundy Full | M55: =SUM(C55:L55) -> 0
A56: 53 | B56: Esi Salt 1Kg | M56: =SUM(C56:L56) -> 0
A57: 54 | B57: Salt Bulk | M57: =SUM(C57:L57) -> 0
A58: 55 | B58: Esi Rasa Mix - 500g | M58: =SUM(C58:L58) -> 0
A59: 56 | B59: Esi Rasa Mix - 6g | M59: =SUM(C59:L59) -> 0
A60: 57 | B60: Smart Soya & Star Soya | M60: =SUM(C60:L60) -> 0
A61: 58 | B61: Davani Batha | M61: =SUM(C61:L61) -> 0
A62: 59 | B62: Sauce New item | C62: =C72+C73+C74 -> 0 | D62: =D72+D73+D74 -> 0 | E62: =E72+E73+E74 -> 0 | F62: =F72+F73+F74 -> 0 | G62: =G72+G73+G74 -> 0 | H62: =H72+H73+H74 -> 0 | I62: =I72+I73+I74 -> 0 | M62: =SUM(C62:L62) -> 0
A63: 60 | B63: Vineger Bot total | M63: =SUM(C63:L63) -> 0
A64: 61 | B64: Tomato Value | M64: =SUM(C64:L64) -> 0
A65: 62 | B65: Total Pc | M65: =SUM(C65:L65) -> 0
A66: 63 | B66: Total Value Rs. | M66: =SUM(C66:L66) -> 0
A67: 64 | B67: Warking Day | M67: =SUM(C67:L67) -> 0
A68: 65 | B68: Coffe Value | M68: =SUM(C68:L68) -> 0
A69: 66 | B69: Direct Achievement | M69: =SUM(C69:L69) -> 0
A70: 67 | B70: Free Issue Value | M70: =SUM(C70:L70) -> 0
A71: 68 | B71: Discount Value | M71: =SUM(C71:L71) -> 0
A72: 69 | B72: TOMATO SAUCE 1 LT | M72: =SUM(C72:L72) -> 0
A73: 70 | B73: TOMATO SAUCE 2LT | M73: =SUM(C73:L73) -> 0
A74: 71 | B74: TOMATO SAUCE 4LT | M74: =SUM(C74:L74) -> 0
... A103: 100 | B103: Triple Washed Crystal Salt 1kg | M103: =SUM(C103:L103) -> 0

Sheet 23
A1: Daily achievement sheet (Van/Cluster/Singel /Welimada/DLS Oparations)
A2: Sr | B2: Item Description | M2: ASE
B3: RMS Items | C3: Avissawella | D3: Rathnapura | E3: Hanwella | F3: Horana | G3: Balangoda | H3: Piliyandala | M3: Tatal (B)
A4: 1 | B4: High Sugar- 500gr (Angel) | M4: =SUM(C4:L4) -> 0
A5: 2 | B5: Low Sugar -450gr (Angle) | M5: =SUM(C5:L5) -> 0
A6: 3 | B6: Low Sugar -500gr (Angle) | M6: =SUM(C6:L6) -> 0
A7: 4 | B7: Gloripan Instant Dry Yeast (High Sugar) 500g | M7: =SUM(C7:L7) -> 0
A8: 5 | B8: Gloripan Instant Dry Yeast (Low Sugar) 500g | M8: =SUM(C8:L8) -> 0
A9: 6 | B9: 2 In 1 Yeast 500gr (Low Suger) | M9: =SUM(C9:L9) -> 0
A10: 7 | B10: 2 In 1 Yeast 500gr (High Suger) | M10: =SUM(C10:L10) -> 0
A11: 8 | B11: Bakery Yest total | C11: =SUM(C4:C10) -> 0 | D11: =SUM(D4:D10) -> 0 | E11: =SUM(E4:E10) -> 0 | F11: =SUM(F4:F10) -> 0 | G11: =SUM(G4:G10) -> 0 | H11: =SUM(H4:H10) -> 0 | I11: =SUM(I4:I10) -> 0 | J11: =SUM(J4:J10) -> 0 | ... L11: =SUM(L4:L10) -> 0 | M11: =SUM(C11:L11) -> 0
A12: 9 | B12: Instant Leaven -450gr | M12: =SUM(C12:L12) -> 0
A13: 10 | B13: Instant Leaven -500gr | M13: =SUM(C13:L13) -> 0
A14: 11 | B14: Leaven Total | C14: =SUM(C12:C13) -> 0 | D14: =SUM(D12:D13) -> 0 | E14: =SUM(E12:E13) -> 0 | F14: =SUM(F12:F13) -> 0 | G14: =SUM(G12:G13) -> 0 | H14: =SUM(H12:H13) -> 0 | I14: =SUM(I12:I13) -> 0 | J14: =SUM(J12:J13) -> 0 | ... L14: =SUM(L12:L13) -> 0 | M14: =SUM(C14:L14) -> 0
A15: 12 | B15: Shortening- 15 kg | M15: =SUM(C15:L15) -> 0
A16: 13 | B16: Total Yest | C16: =C11+C14 -> 0 | D16: =D11+D14 -> 0 | E16: =E11+E14 -> 0 | F16: =F11+F14 -> 0 | G16: =G11+G14 -> 0 | H16: =H11+H14 -> 0 | I16: =I11+I14 -> 0 | J16: =J11+J14 -> 0 | ... L16: =L11+L14 -> 0 | M16: =SUM(C16:L16) -> 0
A17: 14 | B17: Angle Dry Yeast 25g | M17: =SUM(C17:L17) -> 0
A18: 15 | B18: Angle Dry Yeast 50g | M18: =SUM(C18:L18) -> 0
A19: 16 | B19: Total Angle Dry Yeast | C19: =SUM(C17:C18) -> 0 | D19: =SUM(D17:D18) -> 0 | E19: =SUM(E17:E18) -> 0 | F19: =SUM(F17:F18) -> 0 | G19: =SUM(G17:G18) -> 0 | H19: =SUM(H17:H18) -> 0 | I19: =SUM(I17:I18) -> 0 | J19: =SUM(J17:J18) -> 0 | ... M19: =SUM(M17:M18) -> 0
A20: 17 | B20: Mitra Margerine (Bakers compound -15kg) | M20: =SUM(C20:L20) -> 0
A21: 18 | B21: Mitra Margerine (Blue Lable) - 15kg | M21: =SUM(C21:L21) -> 0
A22: 19 | B22: Mitra - (Bun Compound 15Kg) | M22: =SUM(C22:L22) -> 0
A23: 20 | B23: Bakers Star Multy Purpes 15kg | M23: =SUM(C23:L23) -> 0
A24: 21 | B24: Bakers Star Primum Cake 15kg | M24: =SUM(C24:L24) -> 0
A25: 22 | B25: Mitra 15Kg (Bread Compound 15Kg) | M25: =SUM(C25:L25) -> 0
A26: 23 | B26: Bakers Star Pastry Margareen 15kg | M26: =SUM(C26:L26) -> 0
A27: 24 | B27: Bakers Star Creming Fat Margareen 15kg | M27: =SUM(C27:L27) -> 0
A28: 25 | B28: Total Magrgering | C28: =SUM(C20:C27) -> 0 | D28: =SUM(D20:D27) -> 0 | E28: =SUM(E20:E27) -> 0 | F28: =SUM(F20:F27) -> 0 | G28: =SUM(G20:G27) -> 0 | H28: =SUM(H20:H27) -> 0 | I28: =SUM(I20:I27) -> 0 | J28: =SUM(J20:J27) -> 0 | ... L28: =SUM(L20:L27) -> 0 | M28: =SUM(C28:L28) -> 0
A29: 26 | B29: Som-Chai 25kg bag | M29: =SUM(C29:L29) -> 0
A30: 27 | B30: Som-Chai G1 25kg bag | M30: =SUM(C30:L30) -> 0
A31: 28 | B31: Bread Improver- 01kg(LD-500) | M31: =SUM(C31:L31) -> 0
A32: 29 | B32: Bread Improver- 01kg(A-800) | M32: =SUM(C32:L32) -> 0
A33: 30 | B33: Som-Chai G2 25kg bag | M33: =SUM(C33:L33) -> 0
A34: 31 | B34: Som-Chai G2 1kg Pkt | M34: =SUM(C34:L34) -> 0
A35: 32 | B35: Som-Chai G2 350g Pkt | M35: =SUM(C35:L35) -> 0
A36: 33 | B36: Pan Grease- 5L | M36: =SUM(C36:L36) -> 0
A37: 34 | B37: Pan Grease- 20L | M37: =SUM(C37:L37) -> 0
A38: 35 | B38: Hybrid Noodles (Red) | M38: =SUM(C38:L38) -> 0
A39: 36 | B39: Isi PVD 400g | M39: =SUM(C39:L39) -> 0
A40: 37 | B40: Isi 1kg | M40: =SUM(C40:L40) -> 0
... A53: 50 | B53: Welcome Crystal 1 Kg | M53: =SUM(C53:L53) -> 0
A54: 51 | M54: =SUM(C54:L54) -> 0
A55: 52 | B55: Bundy Full | M55: =SUM(C55:L55) -> 0
A56: 53 | B56: Esi Salt 1Kg | M56: =SUM(C56:L56) -> 0
A57: 54 | B57: Salt Bulk | M57: =SUM(C57:L57) -> 0
A58: 55 | B58: Esi Rasa Mix - 500g | M58: =SUM(C58:L58) -> 0
A59: 56 | B59: Esi Rasa Mix - 6g | M59: =SUM(C59:L59) -> 0
A60: 57 | B60: Smart Soya & Star Soya | M60: =SUM(C60:L60) -> 0
A61: 58 | B61: Davani Batha | M61: =SUM(C61:L61) -> 0
A62: 59 | B62: Sauce New item | C62: =C72+C73+C74 -> 0 | D62: =D72+D73+D74 -> 0 | E62: =E72+E73+E74 -> 0 | F62: =F72+F73+F74 -> 0 | G62: =G72+G73+G74 -> 0 | H62: =H72+H73+H74 -> 0 | I62: =I72+I73+I74 -> 0 | M62: =SUM(C62:L62) -> 0
A63: 60 | B63: Vineger Bot total | M63: =SUM(C63:L63) -> 0
A64: 61 | B64: Tomato Value | M64: =SUM(C64:L64) -> 0
A65: 62 | B65: Total Pc | M65: =SUM(C65:L65) -> 0
A66: 63 | B66: Total Value Rs. | M66: =SUM(C66:L66) -> 0
A67: 64 | B67: Warking Day | M67: =SUM(C67:L67) -> 0
A68: 65 | B68: Coffe Value | M68: =SUM(C68:L68) -> 0
A69: 66 | B69: Direct Achievement | M69: =SUM(C69:L69) -> 0
A70: 67 | B70: Free Issue Value | M70: =SUM(C70:L70) -> 0
A71: 68 | B71: Discount Value | M71: =SUM(C71:L71) -> 0
A72: 69 | B72: TOMATO SAUCE 1 LT | M72: =SUM(C72:L72) -> 0
A73: 70 | B73: TOMATO SAUCE 2LT | M73: =SUM(C73:L73) -> 0
A74: 71 | B74: TOMATO SAUCE 4LT | M74: =SUM(C74:L74) -> 0
... A103: 100 | B103: Triple Washed Crystal Salt 1kg | M103: =SUM(C103:L103) -> 0

Sheet 24
A1: Daily achievement sheet (Van/Cluster/Singel /Welimada/DLS Oparations)
A2: Sr | B2: Item Description | M2: ASE
B3: RMS Items | C3: Avissawella | D3: Rathnapura | E3: Hanwella | F3: Horana | G3: Balangoda | H3: Piliyandala | M3: Tatal (B)
A4: 1 | B4: High Sugar- 500gr (Angel) | M4: =SUM(C4:L4) -> 0
A5: 2 | B5: Low Sugar -450gr (Angle) | M5: =SUM(C5:L5) -> 0
A6: 3 | B6: Low Sugar -500gr (Angle) | M6: =SUM(C6:L6) -> 0
A7: 4 | B7: Gloripan Instant Dry Yeast (High Sugar) 500g | M7: =SUM(C7:L7) -> 0
A8: 5 | B8: Gloripan Instant Dry Yeast (Low Sugar) 500g | M8: =SUM(C8:L8) -> 0
A9: 6 | B9: 2 In 1 Yeast 500gr (Low Suger) | M9: =SUM(C9:L9) -> 0
A10: 7 | B10: 2 In 1 Yeast 500gr (High Suger) | M10: =SUM(C10:L10) -> 0
A11: 8 | B11: Bakery Yest total | C11: =SUM(C4:C10) -> 0 | D11: =SUM(D4:D10) -> 0 | E11: =SUM(E4:E10) -> 0 | F11: =SUM(F4:F10) -> 0 | G11: =SUM(G4:G10) -> 0 | H11: =SUM(H4:H10) -> 0 | I11: =SUM(I4:I10) -> 0 | J11: =SUM(J4:J10) -> 0 | ... L11: =SUM(L4:L10) -> 0 | M11: =SUM(C11:L11) -> 0
A12: 9 | B12: Instant Leaven -450gr | M12: =SUM(C12:L12) -> 0
A13: 10 | B13: Instant Leaven -500gr | M13: =SUM(C13:L13) -> 0
A14: 11 | B14: Leaven Total | C14: =SUM(C12:C13) -> 0 | D14: =SUM(D12:D13) -> 0 | E14: =SUM(E12:E13) -> 0 | F14: =SUM(F12:F13) -> 0 | G14: =SUM(G12:G13) -> 0 | H14: =SUM(H12:H13) -> 0 | I14: =SUM(I12:I13) -> 0 | J14: =SUM(J12:J13) -> 0 | ... L14: =SUM(L12:L13) -> 0 | M14: =SUM(C14:L14) -> 0
A15: 12 | B15: Shortening- 15 kg | M15: =SUM(C15:L15) -> 0
A16: 13 | B16: Total Yest | C16: =C11+C14 -> 0 | D16: =D11+D14 -> 0 | E16: =E11+E14 -> 0 | F16: =F11+F14 -> 0 | G16: =G11+G14 -> 0 | H16: =H11+H14 -> 0 | I16: =I11+I14 -> 0 | J16: =J11+J14 -> 0 | ... L16: =L11+L14 -> 0 | M16: =SUM(C16:L16) -> 0
A17: 14 | B17: Angle Dry Yeast 25g | M17: =SUM(C17:L17) -> 0
A18: 15 | B18: Angle Dry Yeast 50g | M18: =SUM(C18:L18) -> 0
A19: 16 | B19: Total Angle Dry Yeast | C19: =SUM(C17:C18) -> 0 | D19: =SUM(D17:D18) -> 0 | E19: =SUM(E17:E18) -> 0 | F19: =SUM(F17:F18) -> 0 | G19: =SUM(G17:G18) -> 0 | H19: =SUM(H17:H18) -> 0 | I19: =SUM(I17:I18) -> 0 | J19: =SUM(J17:J18) -> 0 | ... M19: =SUM(M17:M18) -> 0
A20: 17 | B20: Mitra Margerine (Bakers compound -15kg) | M20: =SUM(C20:L20) -> 0
A21: 18 | B21: Mitra Margerine (Blue Lable) - 15kg | M21: =SUM(C21:L21) -> 0
A22: 19 | B22: Mitra - (Bun Compound 15Kg) | M22: =SUM(C22:L22) -> 0
A23: 20 | B23: Bakers Star Multy Purpes 15kg | M23: =SUM(C23:L23) -> 0
A24: 21 | B24: Bakers Star Primum Cake 15kg | M24: =SUM(C24:L24) -> 0
A25: 22 | B25: Mitra 15Kg (Bread Compound 15Kg) | M25: =SUM(C25:L25) -> 0
A26: 23 | B26: Bakers Star Pastry Margareen 15kg | M26: =SUM(C26:L26) -> 0
A27: 24 | B27: Bakers Star Creming Fat Margareen 15kg | M27: =SUM(C27:L27) -> 0
A28: 25 | B28: Total Magrgering | C28: =SUM(C20:C27) -> 0 | D28: =SUM(D20:D27) -> 0 | E28: =SUM(E20:E27) -> 0 | F28: =SUM(F20:F27) -> 0 | G28: =SUM(G20:G27) -> 0 | H28: =SUM(H20:H27) -> 0 | I28: =SUM(I20:I27) -> 0 | J28: =SUM(J20:J27) -> 0 | ... L28: =SUM(L20:L27) -> 0 | M28: =SUM(C28:L28) -> 0
A29: 26 | B29: Som-Chai 25kg bag | M29: =SUM(C29:L29) -> 0
A30: 27 | B30: Som-Chai G1 25kg bag | M30: =SUM(C30:L30) -> 0
A31: 28 | B31: Bread Improver- 01kg(LD-500) | M31: =SUM(C31:L31) -> 0
A32: 29 | B32: Bread Improver- 01kg(A-800) | M32: =SUM(C32:L32) -> 0
A33: 30 | B33: Som-Chai G2 25kg bag | M33: =SUM(C33:L33) -> 0
A34: 31 | B34: Som-Chai G2 1kg Pkt | M34: =SUM(C34:L34) -> 0
A35: 32 | B35: Som-Chai G2 350g Pkt | M35: =SUM(C35:L35) -> 0
A36: 33 | B36: Pan Grease- 5L | M36: =SUM(C36:L36) -> 0
A37: 34 | B37: Pan Grease- 20L | M37: =SUM(C37:L37) -> 0
A38: 35 | B38: Hybrid Noodles (Red) | M38: =SUM(C38:L38) -> 0
A39: 36 | B39: Isi PVD 400g | M39: =SUM(C39:L39) -> 0
A40: 37 | B40: Isi 1kg | M40: =SUM(C40:L40) -> 0
... A53: 50 | B53: Welcome Crystal 1 Kg | M53: =SUM(C53:L53) -> 0
A54: 51 | M54: =SUM(C54:L54) -> 0
A55: 52 | B55: Bundy Full | M55: =SUM(C55:L55) -> 0
A56: 53 | B56: Esi Salt 1Kg | M56: =SUM(C56:L56) -> 0
A57: 54 | B57: Salt Bulk | M57: =SUM(C57:L57) -> 0
A58: 55 | B58: Esi Rasa Mix - 500g | M58: =SUM(C58:L58) -> 0
A59: 56 | B59: Esi Rasa Mix - 6g | M59: =SUM(C59:L59) -> 0
A60: 57 | B60: Smart Soya & Star Soya | M60: =SUM(C60:L60) -> 0
A61: 58 | B61: Davani Batha | M61: =SUM(C61:L61) -> 0
A62: 59 | B62: Sauce New item | C62: =C72+C73+C74 -> 0 | D62: =D72+D73+D74 -> 0 | E62: =E72+E73+E74 -> 0 | F62: =F72+F73+F74 -> 0 | G62: =G72+G73+G74 -> 0 | H62: =H72+H73+H74 -> 0 | I62: =I72+I73+I74 -> 0 | M62: =SUM(C62:L62) -> 0
A63: 60 | B63: Vineger Bot total | M63: =SUM(C63:L63) -> 0
A64: 61 | B64: Tomato Value | M64: =SUM(C64:L64) -> 0
A65: 62 | B65: Total Pc | M65: =SUM(C65:L65) -> 0
A66: 63 | B66: Total Value Rs. | M66: =SUM(C66:L66) -> 0
A67: 64 | B67: Warking Day | M67: =SUM(C67:L67) -> 0
A68: 65 | B68: Coffe Value | M68: =SUM(C68:L68) -> 0
A69: 66 | B69: Direct Achievement | M69: =SUM(C69:L69) -> 0
A70: 67 | B70: Free Issue Value | M70: =SUM(C70:L70) -> 0
A71: 68 | B71: Discount Value | M71: =SUM(C71:L71) -> 0
A72: 69 | B72: TOMATO SAUCE 1 LT | M72: =SUM(C72:L72) -> 0
A73: 70 | B73: TOMATO SAUCE 2LT | M73: =SUM(C73:L73) -> 0
A74: 71 | B74: TOMATO SAUCE 4LT | M74: =SUM(C74:L74) -> 0
... A103: 100 | B103: Triple Washed Crystal Salt 1kg | M103: =SUM(C103:L103) -> 0

Sheet 25
A1: Daily achievement sheet (Van/Cluster/Singel /Welimada/DLS Oparations)
A2: Sr | B2: Item Description | M2: ASE
B3: RMS Items | C3: Avissawella | D3: Rathnapura | E3: Hanwella | F3: Horana | G3: Balangoda | H3: Piliyandala | M3: Tatal (B)
A4: 1 | B4: High Sugar- 500gr (Angel) | M4: =SUM(C4:L4) -> 0
A5: 2 | B5: Low Sugar -450gr (Angle) | M5: =SUM(C5:L5) -> 0
A6: 3 | B6: Low Sugar -500gr (Angle) | M6: =SUM(C6:L6) -> 0
A7: 4 | B7: Gloripan Instant Dry Yeast (High Sugar) 500g | M7: =SUM(C7:L7) -> 0
A8: 5 | B8: Gloripan Instant Dry Yeast (Low Sugar) 500g | M8: =SUM(C8:L8) -> 0
A9: 6 | B9: 2 In 1 Yeast 500gr (Low Suger) | M9: =SUM(C9:L9) -> 0
A10: 7 | B10: 2 In 1 Yeast 500gr (High Suger) | M10: =SUM(C10:L10) -> 0
A11: 8 | B11: Bakery Yest total | C11: =SUM(C4:C10) -> 0 | D11: =SUM(D4:D10) -> 0 | E11: =SUM(E4:E10) -> 0 | F11: =SUM(F4:F10) -> 0 | G11: =SUM(G4:G10) -> 0 | H11: =SUM(H4:H10) -> 0 | I11: =SUM(I4:I10) -> 0 | J11: =SUM(J4:J10) -> 0 | ... L11: =SUM(L4:L10) -> 0 | M11: =SUM(C11:L11) -> 0
A12: 9 | B12: Instant Leaven -450gr | M12: =SUM(C12:L12) -> 0
A13: 10 | B13: Instant Leaven -500gr | M13: =SUM(C13:L13) -> 0
A14: 11 | B14: Leaven Total | C14: =SUM(C12:C13) -> 0 | D14: =SUM(D12:D13) -> 0 | E14: =SUM(E12:E13) -> 0 | F14: =SUM(F12:F13) -> 0 | G14: =SUM(G12:G13) -> 0 | H14: =SUM(H12:H13) -> 0 | I14: =SUM(I12:I13) -> 0 | J14: =SUM(J12:J13) -> 0 | ... L14: =SUM(L12:L13) -> 0 | M14: =SUM(C14:L14) -> 0
A15: 12 | B15: Shortening- 15 kg | M15: =SUM(C15:L15) -> 0
A16: 13 | B16: Total Yest | C16: =C11+C14 -> 0 | D16: =D11+D14 -> 0 | E16: =E11+E14 -> 0 | F16: =F11+F14 -> 0 | G16: =G11+G14 -> 0 | H16: =H11+H14 -> 0 | I16: =I11+I14 -> 0 | J16: =J11+J14 -> 0 | ... L16: =L11+L14 -> 0 | M16: =SUM(C16:L16) -> 0
A17: 14 | B17: Angle Dry Yeast 25g | M17: =SUM(C17:L17) -> 0
A18: 15 | B18: Angle Dry Yeast 50g | M18: =SUM(C18:L18) -> 0
A19: 16 | B19: Total Angle Dry Yeast | C19: =SUM(C17:C18) -> 0 | D19: =SUM(D17:D18) -> 0 | E19: =SUM(E17:E18) -> 0 | F19: =SUM(F17:F18) -> 0 | G19: =SUM(G17:G18) -> 0 | H19: =SUM(H17:H18) -> 0 | I19: =SUM(I17:I18) -> 0 | J19: =SUM(J17:J18) -> 0 | ... M19: =SUM(M17:M18) -> 0
A20: 17 | B20: Mitra Margerine (Bakers compound -15kg) | M20: =SUM(C20:L20) -> 0
A21: 18 | B21: Mitra Margerine (Blue Lable) - 15kg | M21: =SUM(C21:L21) -> 0
A22: 19 | B22: Mitra - (Bun Compound 15Kg) | M22: =SUM(C22:L22) -> 0
A23: 20 | B23: Bakers Star Multy Purpes 15kg | M23: =SUM(C23:L23) -> 0
A24: 21 | B24: Bakers Star Primum Cake 15kg | M24: =SUM(C24:L24) -> 0
A25: 22 | B25: Mitra 15Kg (Bread Compound 15Kg) | M25: =SUM(C25:L25) -> 0
A26: 23 | B26: Bakers Star Pastry Margareen 15kg | M26: =SUM(C26:L26) -> 0
A27: 24 | B27: Bakers Star Creming Fat Margareen 15kg | M27: =SUM(C27:L27) -> 0
A28: 25 | B28: Total Magrgering | C28: =SUM(C20:C27) -> 0 | D28: =SUM(D20:D27) -> 0 | E28: =SUM(E20:E27) -> 0 | F28: =SUM(F20:F27) -> 0 | G28: =SUM(G20:G27) -> 0 | H28: =SUM(H20:H27) -> 0 | I28: =SUM(I20:I27) -> 0 | J28: =SUM(J20:J27) -> 0 | ... L28: =SUM(L20:L27) -> 0 | M28: =SUM(C28:L28) -> 0
A29: 26 | B29: Som-Chai 25kg bag | M29: =SUM(C29:L29) -> 0
A30: 27 | B30: Som-Chai G1 25kg bag | M30: =SUM(C30:L30) -> 0
A31: 28 | B31: Bread Improver- 01kg(LD-500) | M31: =SUM(C31:L31) -> 0
A32: 29 | B32: Bread Improver- 01kg(A-800) | M32: =SUM(C32:L32) -> 0
A33: 30 | B33: Som-Chai G2 25kg bag | M33: =SUM(C33:L33) -> 0
A34: 31 | B34: Som-Chai G2 1kg Pkt | M34: =SUM(C34:L34) -> 0
A35: 32 | B35: Som-Chai G2 350g Pkt | M35: =SUM(C35:L35) -> 0
A36: 33 | B36: Pan Grease- 5L | M36: =SUM(C36:L36) -> 0
A37: 34 | B37: Pan Grease- 20L | M37: =SUM(C37:L37) -> 0
A38: 35 | B38: Hybrid Noodles (Red) | M38: =SUM(C38:L38) -> 0
A39: 36 | B39: Isi PVD 400g | M39: =SUM(C39:L39) -> 0
A40: 37 | B40: Isi 1kg | M40: =SUM(C40:L40) -> 0
... A53: 50 | B53: Welcome Crystal 1 Kg | M53: =SUM(C53:L53) -> 0
A54: 51 | M54: =SUM(C54:L54) -> 0
A55: 52 | B55: Bundy Full | M55: =SUM(C55:L55) -> 0
A56: 53 | B56: Esi Salt 1Kg | M56: =SUM(C56:L56) -> 0
A57: 54 | B57: Salt Bulk | M57: =SUM(C57:L57) -> 0
A58: 55 | B58: Esi Rasa Mix - 500g | M58: =SUM(C58:L58) -> 0
A59: 56 | B59: Esi Rasa Mix - 6g | M59: =SUM(C59:L59) -> 0
A60: 57 | B60: Smart Soya & Star Soya | M60: =SUM(C60:L60) -> 0
A61: 58 | B61: Davani Batha | M61: =SUM(C61:L61) -> 0
A62: 59 | B62: Sauce New item | C62: =C72+C73+C74 -> 0 | D62: =D72+D73+D74 -> 0 | E62: =E72+E73+E74 -> 0 | F62: =F72+F73+F74 -> 0 | G62: =G72+G73+G74 -> 0 | H62: =H72+H73+H74 -> 0 | I62: =I72+I73+I74 -> 0 | M62: =SUM(C62:L62) -> 0
A63: 60 | B63: Vineger Bot total | M63: =SUM(C63:L63) -> 0
A64: 61 | B64: Tomato Value | M64: =SUM(C64:L64) -> 0
A65: 62 | B65: Total Pc | M65: =SUM(C65:L65) -> 0
A66: 63 | B66: Total Value Rs. | M66: =SUM(C66:L66) -> 0
A67: 64 | B67: Warking Day | M67: =SUM(C67:L67) -> 0
A68: 65 | B68: Coffe Value | M68: =SUM(C68:L68) -> 0
A69: 66 | B69: Direct Achievement | M69: =SUM(C69:L69) -> 0
A70: 67 | B70: Free Issue Value | M70: =SUM(C70:L70) -> 0
A71: 68 | B71: Discount Value | M71: =SUM(C71:L71) -> 0
A72: 69 | B72: TOMATO SAUCE 1 LT | M72: =SUM(C72:L72) -> 0
A73: 70 | B73: TOMATO SAUCE 2LT | M73: =SUM(C73:L73) -> 0
A74: 71 | B74: TOMATO SAUCE 4LT | M74: =SUM(C74:L74) -> 0
... A103: 100 | B103: Triple Washed Crystal Salt 1kg | M103: =SUM(C103:L103) -> 0

Sheet 26
A1: Daily achievement sheet (Van/Cluster/Singel /Welimada/DLS Oparations)
A2: Sr | B2: Item Description | M2: ASE
B3: RMS Items | C3: Avissawella | D3: Rathnapura | E3: Hanwella | F3: Horana | G3: Balangoda | H3: Piliyandala | M3: Tatal (B)
A4: 1 | B4: High Sugar- 500gr (Angel) | M4: =SUM(C4:L4) -> 0
A5: 2 | B5: Low Sugar -450gr (Angle) | M5: =SUM(C5:L5) -> 0
A6: 3 | B6: Low Sugar -500gr (Angle) | M6: =SUM(C6:L6) -> 0
A7: 4 | B7: Gloripan Instant Dry Yeast (High Sugar) 500g | M7: =SUM(C7:L7) -> 0
A8: 5 | B8: Gloripan Instant Dry Yeast (Low Sugar) 500g | M8: =SUM(C8:L8) -> 0
A9: 6 | B9: 2 In 1 Yeast 500gr (Low Suger) | M9: =SUM(C9:L9) -> 0
A10: 7 | B10: 2 In 1 Yeast 500gr (High Suger) | M10: =SUM(C10:L10) -> 0
A11: 8 | B11: Bakery Yest total | C11: =SUM(C4:C10) -> 0 | D11: =SUM(D4:D10) -> 0 | E11: =SUM(E4:E10) -> 0 | F11: =SUM(F4:F10) -> 0 | G11: =SUM(G4:G10) -> 0 | H11: =SUM(H4:H10) -> 0 | I11: =SUM(I4:I10) -> 0 | J11: =SUM(J4:J10) -> 0 | ... L11: =SUM(L4:L10) -> 0 | M11: =SUM(C11:L11) -> 0
A12: 9 | B12: Instant Leaven -450gr | M12: =SUM(C12:L12) -> 0
A13: 10 | B13: Instant Leaven -500gr | M13: =SUM(C13:L13) -> 0
A14: 11 | B14: Leaven Total | C14: =SUM(C12:C13) -> 0 | D14: =SUM(D12:D13) -> 0 | E14: =SUM(E12:E13) -> 0 | F14: =SUM(F12:F13) -> 0 | G14: =SUM(G12:G13) -> 0 | H14: =SUM(H12:H13) -> 0 | I14: =SUM(I12:I13) -> 0 | J14: =SUM(J12:J13) -> 0 | ... L14: =SUM(L12:L13) -> 0 | M14: =SUM(C14:L14) -> 0
A15: 12 | B15: Shortening- 15 kg | M15: =SUM(C15:L15) -> 0
A16: 13 | B16: Total Yest | C16: =C11+C14 -> 0 | D16: =D11+D14 -> 0 | E16: =E11+E14 -> 0 | F16: =F11+F14 -> 0 | G16: =G11+G14 -> 0 | H16: =H11+H14 -> 0 | I16: =I11+I14 -> 0 | J16: =J11+J14 -> 0 | ... L16: =L11+L14 -> 0 | M16: =SUM(C16:L16) -> 0
A17: 14 | B17: Angle Dry Yeast 25g | M17: =SUM(C17:L17) -> 0
A18: 15 | B18: Angle Dry Yeast 50g | M18: =SUM(C18:L18) -> 0
A19: 16 | B19: Total Angle Dry Yeast | C19: =SUM(C17:C18) -> 0 | D19: =SUM(D17:D18) -> 0 | E19: =SUM(E17:E18) -> 0 | F19: =SUM(F17:F18) -> 0 | G19: =SUM(G17:G18) -> 0 | H19: =SUM(H17:H18) -> 0 | I19: =SUM(I17:I18) -> 0 | J19: =SUM(J17:J18) -> 0 | ... M19: =SUM(M17:M18) -> 0
A20: 17 | B20: Mitra Margerine (Bakers compound -15kg) | M20: =SUM(C20:L20) -> 0
A21: 18 | B21: Mitra Margerine (Blue Lable) - 15kg | M21: =SUM(C21:L21) -> 0
A22: 19 | B22: Mitra - (Bun Compound 15Kg) | M22: =SUM(C22:L22) -> 0
A23: 20 | B23: Bakers Star Multy Purpes 15kg | M23: =SUM(C23:L23) -> 0
A24: 21 | B24: Bakers Star Primum Cake 15kg | M24: =SUM(C24:L24) -> 0
A25: 22 | B25: Mitra 15Kg (Bread Compound 15Kg) | M25: =SUM(C25:L25) -> 0
A26: 23 | B26: Bakers Star Pastry Margareen 15kg | M26: =SUM(C26:L26) -> 0
A27: 24 | B27: Bakers Star Creming Fat Margareen 15kg | M27: =SUM(C27:L27) -> 0
A28: 25 | B28: Total Magrgering | C28: =SUM(C20:C27) -> 0 | D28: =SUM(D20:D27) -> 0 | E28: =SUM(E20:E27) -> 0 | F28: =SUM(F20:F27) -> 0 | G28: =SUM(G20:G27) -> 0 | H28: =SUM(H20:H27) -> 0 | I28: =SUM(I20:I27) -> 0 | J28: =SUM(J20:J27) -> 0 | ... L28: =SUM(L20:L27) -> 0 | M28: =SUM(C28:L28) -> 0
A29: 26 | B29: Som-Chai 25kg bag | M29: =SUM(C29:L29) -> 0
A30: 27 | B30: Som-Chai G1 25kg bag | M30: =SUM(C30:L30) -> 0
A31: 28 | B31: Bread Improver- 01kg(LD-500) | M31: =SUM(C31:L31) -> 0
A32: 29 | B32: Bread Improver- 01kg(A-800) | M32: =SUM(C32:L32) -> 0
A33: 30 | B33: Som-Chai G2 25kg bag | M33: =SUM(C33:L33) -> 0
A34: 31 | B34: Som-Chai G2 1kg Pkt | M34: =SUM(C34:L34) -> 0
A35: 32 | B35: Som-Chai G2 350g Pkt | M35: =SUM(C35:L35) -> 0
A36: 33 | B36: Pan Grease- 5L | M36: =SUM(C36:L36) -> 0
A37: 34 | B37: Pan Grease- 20L | M37: =SUM(C37:L37) -> 0
A38: 35 | B38: Hybrid Noodles (Red) | M38: =SUM(C38:L38) -> 0
A39: 36 | B39: Isi PVD 400g | M39: =SUM(C39:L39) -> 0
A40: 37 | B40: Isi 1kg | M40: =SUM(C40:L40) -> 0
... A53: 50 | B53: Welcome Crystal 1 Kg | M53: =SUM(C53:L53) -> 0
A54: 51 | M54: =SUM(C54:L54) -> 0
A55: 52 | B55: Bundy Full | M55: =SUM(C55:L55) -> 0
A56: 53 | B56: Esi Salt 1Kg | M56: =SUM(C56:L56) -> 0
A57: 54 | B57: Salt Bulk | M57: =SUM(C57:L57) -> 0
A58: 55 | B58: Esi Rasa Mix - 500g | M58: =SUM(C58:L58) -> 0
A59: 56 | B59: Esi Rasa Mix - 6g | M59: =SUM(C59:L59) -> 0
A60: 57 | B60: Smart Soya & Star Soya | M60: =SUM(C60:L60) -> 0
A61: 58 | B61: Davani Batha | M61: =SUM(C61:L61) -> 0
A62: 59 | B62: Sauce New item | C62: =C72+C73+C74 -> 0 | D62: =D72+D73+D74 -> 0 | E62: =E72+E73+E74 -> 0 | F62: =F72+F73+F74 -> 0 | G62: =G72+G73+G74 -> 0 | H62: =H72+H73+H74 -> 0 | I62: =I72+I73+I74 -> 0 | M62: =SUM(C62:L62) -> 0
A63: 60 | B63: Vineger Bot total | M63: =SUM(C63:L63) -> 0
A64: 61 | B64: Tomato Value | M64: =SUM(C64:L64) -> 0
A65: 62 | B65: Total Pc | M65: =SUM(C65:L65) -> 0
A66: 63 | B66: Total Value Rs. | M66: =SUM(C66:L66) -> 0
A67: 64 | B67: Warking Day | M67: =SUM(C67:L67) -> 0
A68: 65 | B68: Coffe Value | M68: =SUM(C68:L68) -> 0
A69: 66 | B69: Direct Achievement | M69: =SUM(C69:L69) -> 0
A70: 67 | B70: Free Issue Value | M70: =SUM(C70:L70) -> 0
A71: 68 | B71: Discount Value | M71: =SUM(C71:L71) -> 0
A72: 69 | B72: TOMATO SAUCE 1 LT | M72: =SUM(C72:L72) -> 0
A73: 70 | B73: TOMATO SAUCE 2LT | M73: =SUM(C73:L73) -> 0
A74: 71 | B74: TOMATO SAUCE 4LT | M74: =SUM(C74:L74) -> 0
... A103: 100 | B103: Triple Washed Crystal Salt 1kg | M103: =SUM(C103:L103) -> 0

Sheet 27
A1: Daily achievement sheet (Van/Cluster/Singel /Welimada/DLS Oparations)
A2: Sr | B2: Item Description | M2: ASE
B3: RMS Items | C3: Avissawella | D3: Rathnapura | E3: Hanwella | F3: Horana | G3: Balangoda | H3: Piliyandala | M3: Tatal (B)
A4: 1 | B4: High Sugar- 500gr (Angel) | M4: =SUM(C4:L4) -> 0
A5: 2 | B5: Low Sugar -450gr (Angle) | M5: =SUM(C5:L5) -> 0
A6: 3 | B6: Low Sugar -500gr (Angle) | M6: =SUM(C6:L6) -> 0
A7: 4 | B7: Gloripan Instant Dry Yeast (High Sugar) 500g | M7: =SUM(C7:L7) -> 0
A8: 5 | B8: Gloripan Instant Dry Yeast (Low Sugar) 500g | M8: =SUM(C8:L8) -> 0
A9: 6 | B9: 2 In 1 Yeast 500gr (Low Suger) | M9: =SUM(C9:L9) -> 0
A10: 7 | B10: 2 In 1 Yeast 500gr (High Suger) | M10: =SUM(C10:L10) -> 0
A11: 8 | B11: Bakery Yest total | C11: =SUM(C4:C10) -> 0 | D11: =SUM(D4:D10) -> 0 | E11: =SUM(E4:E10) -> 0 | F11: =SUM(F4:F10) -> 0 | G11: =SUM(G4:G10) -> 0 | H11: =SUM(H4:H10) -> 0 | I11: =SUM(I4:I10) -> 0 | J11: =SUM(J4:J10) -> 0 | ... L11: =SUM(L4:L10) -> 0 | M11: =SUM(C11:L11) -> 0
A12: 9 | B12: Instant Leaven -450gr | M12: =SUM(C12:L12) -> 0
A13: 10 | B13: Instant Leaven -500gr | M13: =SUM(C13:L13) -> 0
A14: 11 | B14: Leaven Total | C14: =SUM(C12:C13) -> 0 | D14: =SUM(D12:D13) -> 0 | E14: =SUM(E12:E13) -> 0 | F14: =SUM(F12:F13) -> 0 | G14: =SUM(G12:G13) -> 0 | H14: =SUM(H12:H13) -> 0 | I14: =SUM(I12:I13) -> 0 | J14: =SUM(J12:J13) -> 0 | ... L14: =SUM(L12:L13) -> 0 | M14: =SUM(C14:L14) -> 0
A15: 12 | B15: Shortening- 15 kg | M15: =SUM(C15:L15) -> 0
A16: 13 | B16: Total Yest | C16: =C11+C14 -> 0 | D16: =D11+D14 -> 0 | E16: =E11+E14 -> 0 | F16: =F11+F14 -> 0 | G16: =G11+G14 -> 0 | H16: =H11+H14 -> 0 | I16: =I11+I14 -> 0 | J16: =J11+J14 -> 0 | ... L16: =L11+L14 -> 0 | M16: =SUM(C16:L16) -> 0
A17: 14 | B17: Angle Dry Yeast 25g | M17: =SUM(C17:L17) -> 0
A18: 15 | B18: Angle Dry Yeast 50g | M18: =SUM(C18:L18) -> 0
A19: 16 | B19: Total Angle Dry Yeast | C19: =SUM(C17:C18) -> 0 | D19: =SUM(D17:D18) -> 0 | E19: =SUM(E17:E18) -> 0 | F19: =SUM(F17:F18) -> 0 | G19: =SUM(G17:G18) -> 0 | H19: =SUM(H17:H18) -> 0 | I19: =SUM(I17:I18) -> 0 | J19: =SUM(J17:J18) -> 0 | ... M19: =SUM(M17:M18) -> 0
A20: 17 | B20: Mitra Margerine (Bakers compound -15kg) | M20: =SUM(C20:L20) -> 0
A21: 18 | B21: Mitra Margerine (Blue Lable) - 15kg | M21: =SUM(C21:L21) -> 0
A22: 19 | B22: Mitra - (Bun Compound 15Kg) | M22: =SUM(C22:L22) -> 0
A23: 20 | B23: Bakers Star Multy Purpes 15kg | M23: =SUM(C23:L23) -> 0
A24: 21 | B24: Bakers Star Primum Cake 15kg | M24: =SUM(C24:L24) -> 0
A25: 22 | B25: Mitra 15Kg (Bread Compound 15Kg) | M25: =SUM(C25:L25) -> 0
A26: 23 | B26: Bakers Star Pastry Margareen 15kg | M26: =SUM(C26:L26) -> 0
A27: 24 | B27: Bakers Star Creming Fat Margareen 15kg | M27: =SUM(C27:L27) -> 0
A28: 25 | B28: Total Magrgering | C28: =SUM(C20:C27) -> 0 | D28: =SUM(D20:D27) -> 0 | E28: =SUM(E20:E27) -> 0 | F28: =SUM(F20:F27) -> 0 | G28: =SUM(G20:G27) -> 0 | H28: =SUM(H20:H27) -> 0 | I28: =SUM(I20:I27) -> 0 | J28: =SUM(J20:J27) -> 0 | ... L28: =SUM(L20:L27) -> 0 | M28: =SUM(C28:L28) -> 0
A29: 26 | B29: Som-Chai 25kg bag | M29: =SUM(C29:L29) -> 0
A30: 27 | B30: Som-Chai G1 25kg bag | M30: =SUM(C30:L30) -> 0
A31: 28 | B31: Bread Improver- 01kg(LD-500) | M31: =SUM(C31:L31) -> 0
A32: 29 | B32: Bread Improver- 01kg(A-800) | M32: =SUM(C32:L32) -> 0
A33: 30 | B33: Som-Chai G2 25kg bag | M33: =SUM(C33:L33) -> 0
A34: 31 | B34: Som-Chai G2 1kg Pkt | M34: =SUM(C34:L34) -> 0
A35: 32 | B35: Som-Chai G2 350g Pkt | M35: =SUM(C35:L35) -> 0
A36: 33 | B36: Pan Grease- 5L | M36: =SUM(C36:L36) -> 0
A37: 34 | B37: Pan Grease- 20L | M37: =SUM(C37:L37) -> 0
A38: 35 | B38: Hybrid Noodles (Red) | M38: =SUM(C38:L38) -> 0
A39: 36 | B39: Isi PVD 400g | M39: =SUM(C39:L39) -> 0
A40: 37 | B40: Isi 1kg | M40: =SUM(C40:L40) -> 0
... A53: 50 | B53: Welcome Crystal 1 Kg | M53: =SUM(C53:L53) -> 0
A54: 51 | M54: =SUM(C54:L54) -> 0
A55: 52 | B55: Bundy Full | M55: =SUM(C55:L55) -> 0
A56: 53 | B56: Esi Salt 1Kg | M56: =SUM(C56:L56) -> 0
A57: 54 | B57: Salt Bulk | M57: =SUM(C57:L57) -> 0
A58: 55 | B58: Esi Rasa Mix - 500g | M58: =SUM(C58:L58) -> 0
A59: 56 | B59: Esi Rasa Mix - 6g | M59: =SUM(C59:L59) -> 0
A60: 57 | B60: Smart Soya & Star Soya | M60: =SUM(C60:L60) -> 0
A61: 58 | B61: Davani Batha | M61: =SUM(C61:L61) -> 0
A62: 59 | B62: Sauce New item | C62: =C72+C73+C74 -> 0 | D62: =D72+D73+D74 -> 0 | E62: =E72+E73+E74 -> 0 | F62: =F72+F73+F74 -> 0 | G62: =G72+G73+G74 -> 0 | H62: =H72+H73+H74 -> 0 | I62: =I72+I73+I74 -> 0 | M62: =SUM(C62:L62) -> 0
A63: 60 | B63: Vineger Bot total | M63: =SUM(C63:L63) -> 0
A64: 61 | B64: Tomato Value | M64: =SUM(C64:L64) -> 0
A65: 62 | B65: Total Pc | M65: =SUM(C65:L65) -> 0
A66: 63 | B66: Total Value Rs. | M66: =SUM(C66:L66) -> 0
A67: 64 | B67: Warking Day | M67: =SUM(C67:L67) -> 0
A68: 65 | B68: Coffe Value | M68: =SUM(C68:L68) -> 0
A69: 66 | B69: Direct Achievement | M69: =SUM(C69:L69) -> 0
A70: 67 | B70: Free Issue Value | M70: =SUM(C70:L70) -> 0
A71: 68 | B71: Discount Value | M71: =SUM(C71:L71) -> 0
A72: 69 | B72: TOMATO SAUCE 1 LT | M72: =SUM(C72:L72) -> 0
A73: 70 | B73: TOMATO SAUCE 2LT | M73: =SUM(C73:L73) -> 0
A74: 71 | B74: TOMATO SAUCE 4LT | M74: =SUM(C74:L74) -> 0
... A103: 100 | B103: Triple Washed Crystal Salt 1kg | M103: =SUM(C103:L103) -> 0

Sheet 28
A1: Daily achievement sheet (Van/Cluster/Singel /Welimada/DLS Oparations)
A2: Sr | B2: Item Description | M2: ASE
B3: RMS Items | C3: Avissawella | D3: Rathnapura | E3: Hanwella | F3: Horana | G3: Balangoda | H3: Piliyandala | M3: Tatal (B)
A4: 1 | B4: High Sugar- 500gr (Angel) | M4: =SUM(C4:L4) -> 0
A5: 2 | B5: Low Sugar -450gr (Angle) | M5: =SUM(C5:L5) -> 0
A6: 3 | B6: Low Sugar -500gr (Angle) | M6: =SUM(C6:L6) -> 0
A7: 4 | B7: Gloripan Instant Dry Yeast (High Sugar) 500g | M7: =SUM(C7:L7) -> 0
A8: 5 | B8: Gloripan Instant Dry Yeast (Low Sugar) 500g | M8: =SUM(C8:L8) -> 0
A9: 6 | B9: 2 In 1 Yeast 500gr (Low Suger) | M9: =SUM(C9:L9) -> 0
A10: 7 | B10: 2 In 1 Yeast 500gr (High Suger) | M10: =SUM(C10:L10) -> 0
A11: 8 | B11: Bakery Yest total | C11: =SUM(C4:C10) -> 0 | D11: =SUM(D4:D10) -> 0 | E11: =SUM(E4:E10) -> 0 | F11: =SUM(F4:F10) -> 0 | G11: =SUM(G4:G10) -> 0 | H11: =SUM(H4:H10) -> 0 | I11: =SUM(I4:I10) -> 0 | J11: =SUM(J4:J10) -> 0 | ... L11: =SUM(L4:L10) -> 0 | M11: =SUM(C11:L11) -> 0
A12: 9 | B12: Instant Leaven -450gr | M12: =SUM(C12:L12) -> 0
A13: 10 | B13: Instant Leaven -500gr | M13: =SUM(C13:L13) -> 0
A14: 11 | B14: Leaven Total | C14: =SUM(C12:C13) -> 0 | D14: =SUM(D12:D13) -> 0 | E14: =SUM(E12:E13) -> 0 | F14: =SUM(F12:F13) -> 0 | G14: =SUM(G12:G13) -> 0 | H14: =SUM(H12:H13) -> 0 | I14: =SUM(I12:I13) -> 0 | J14: =SUM(J12:J13) -> 0 | ... L14: =SUM(L12:L13) -> 0 | M14: =SUM(C14:L14) -> 0
A15: 12 | B15: Shortening- 15 kg | M15: =SUM(C15:L15) -> 0
A16: 13 | B16: Total Yest | C16: =C11+C14 -> 0 | D16: =D11+D14 -> 0 | E16: =E11+E14 -> 0 | F16: =F11+F14 -> 0 | G16: =G11+G14 -> 0 | H16: =H11+H14 -> 0 | I16: =I11+I14 -> 0 | J16: =J11+J14 -> 0 | ... L16: =L11+L14 -> 0 | M16: =SUM(C16:L16) -> 0
A17: 14 | B17: Angle Dry Yeast 25g | M17: =SUM(C17:L17) -> 0
A18: 15 | B18: Angle Dry Yeast 50g | M18: =SUM(C18:L18) -> 0
A19: 16 | B19: Total Angle Dry Yeast | C19: =SUM(C17:C18) -> 0 | D19: =SUM(D17:D18) -> 0 | E19: =SUM(E17:E18) -> 0 | F19: =SUM(F17:F18) -> 0 | G19: =SUM(G17:G18) -> 0 | H19: =SUM(H17:H18) -> 0 | I19: =SUM(I17:I18) -> 0 | J19: =SUM(J17:J18) -> 0 | ... M19: =SUM(M17:M18) -> 0
A20: 17 | B20: Mitra Margerine (Bakers compound -15kg) | M20: =SUM(C20:L20) -> 0
A21: 18 | B21: Mitra Margerine (Blue Lable) - 15kg | M21: =SUM(C21:L21) -> 0
A22: 19 | B22: Mitra - (Bun Compound 15Kg) | M22: =SUM(C22:L22) -> 0
A23: 20 | B23: Bakers Star Multy Purpes 15kg | M23: =SUM(C23:L23) -> 0
A24: 21 | B24: Bakers Star Primum Cake 15kg | M24: =SUM(C24:L24) -> 0
A25: 22 | B25: Mitra 15Kg (Bread Compound 15Kg) | M25: =SUM(C25:L25) -> 0
A26: 23 | B26: Bakers Star Pastry Margareen 15kg | M26: =SUM(C26:L26) -> 0
A27: 24 | B27: Bakers Star Creming Fat Margareen 15kg | M27: =SUM(C27:L27) -> 0
A28: 25 | B28: Total Magrgering | C28: =SUM(C20:C27) -> 0 | D28: =SUM(D20:D27) -> 0 | E28: =SUM(E20:E27) -> 0 | F28: =SUM(F20:F27) -> 0 | G28: =SUM(G20:G27) -> 0 | H28: =SUM(H20:H27) -> 0 | I28: =SUM(I20:I27) -> 0 | J28: =SUM(J20:J27) -> 0 | ... L28: =SUM(L20:L27) -> 0 | M28: =SUM(C28:L28) -> 0
A29: 26 | B29: Som-Chai 25kg bag | M29: =SUM(C29:L29) -> 0
A30: 27 | B30: Som-Chai G1 25kg bag | M30: =SUM(C30:L30) -> 0
A31: 28 | B31: Bread Improver- 01kg(LD-500) | M31: =SUM(C31:L31) -> 0
A32: 29 | B32: Bread Improver- 01kg(A-800) | M32: =SUM(C32:L32) -> 0
A33: 30 | B33: Som-Chai G2 25kg bag | M33: =SUM(C33:L33) -> 0
A34: 31 | B34: Som-Chai G2 1kg Pkt | M34: =SUM(C34:L34) -> 0
A35: 32 | B35: Som-Chai G2 350g Pkt | M35: =SUM(C35:L35) -> 0
A36: 33 | B36: Pan Grease- 5L | M36: =SUM(C36:L36) -> 0
A37: 34 | B37: Pan Grease- 20L | M37: =SUM(C37:L37) -> 0
A38: 35 | B38: Hybrid Noodles (Red) | M38: =SUM(C38:L38) -> 0
A39: 36 | B39: Isi PVD 400g | M39: =SUM(C39:L39) -> 0
A40: 37 | B40: Isi 1kg | M40: =SUM(C40:L40) -> 0
... A53: 50 | B53: Welcome Crystal 1 Kg | M53: =SUM(C53:L53) -> 0
A54: 51 | M54: =SUM(C54:L54) -> 0
A55: 52 | B55: Bundy Full | M55: =SUM(C55:L55) -> 0
A56: 53 | B56: Esi Salt 1Kg | M56: =SUM(C56:L56) -> 0
A57: 54 | B57: Salt Bulk | M57: =SUM(C57:L57) -> 0
A58: 55 | B58: Esi Rasa Mix - 500g | M58: =SUM(C58:L58) -> 0
A59: 56 | B59: Esi Rasa Mix - 6g | M59: =SUM(C59:L59) -> 0
A60: 57 | B60: Smart Soya & Star Soya | M60: =SUM(C60:L60) -> 0
A61: 58 | B61: Davani Batha | M61: =SUM(C61:L61) -> 0
A62: 59 | B62: Sauce New item | C62: =C72+C73+C74 -> 0 | D62: =D72+D73+D74 -> 0 | E62: =E72+E73+E74 -> 0 | F62: =F72+F73+F74 -> 0 | G62: =G72+G73+G74 -> 0 | H62: =H72+H73+H74 -> 0 | I62: =I72+I73+I74 -> 0 | M62: =SUM(C62:L62) -> 0
A63: 60 | B63: Vineger Bot total | M63: =SUM(C63:L63) -> 0
A64: 61 | B64: Tomato Value | M64: =SUM(C64:L64) -> 0
A65: 62 | B65: Total Pc | M65: =SUM(C65:L65) -> 0
A66: 63 | B66: Total Value Rs. | M66: =SUM(C66:L66) -> 0
A67: 64 | B67: Warking Day | M67: =SUM(C67:L67) -> 0
A68: 65 | B68: Coffe Value | M68: =SUM(C68:L68) -> 0
A69: 66 | B69: Direct Achievement | M69: =SUM(C69:L69) -> 0
A70: 67 | B70: Free Issue Value | M70: =SUM(C70:L70) -> 0
A71: 68 | B71: Discount Value | M71: =SUM(C71:L71) -> 0
A72: 69 | B72: TOMATO SAUCE 1 LT | M72: =SUM(C72:L72) -> 0
A73: 70 | B73: TOMATO SAUCE 2LT | M73: =SUM(C73:L73) -> 0
A74: 71 | B74: TOMATO SAUCE 4LT | M74: =SUM(C74:L74) -> 0
... A103: 100 | B103: Triple Washed Crystal Salt 1kg | M103: =SUM(C103:L103) -> 0

Sheet 29
A1: Daily achievement sheet (Van/Cluster/Singel /Welimada/DLS Oparations)
A2: Sr | B2: Item Description | M2: ASE
B3: RMS Items | C3: Avissawella | D3: Rathnapura | E3: Hanwella | F3: Horana | G3: Balangoda | H3: Piliyandala | M3: Tatal (B)
A4: 1 | B4: High Sugar- 500gr (Angel) | M4: =SUM(C4:L4) -> 0
A5: 2 | B5: Low Sugar -450gr (Angle) | M5: =SUM(C5:L5) -> 0
A6: 3 | B6: Low Sugar -500gr (Angle) | M6: =SUM(C6:L6) -> 0
A7: 4 | B7: Gloripan Instant Dry Yeast (High Sugar) 500g | M7: =SUM(C7:L7) -> 0
A8: 5 | B8: Gloripan Instant Dry Yeast (Low Sugar) 500g | M8: =SUM(C8:L8) -> 0
A9: 6 | B9: 2 In 1 Yeast 500gr (Low Suger) | M9: =SUM(C9:L9) -> 0
A10: 7 | B10: 2 In 1 Yeast 500gr (High Suger) | M10: =SUM(C10:L10) -> 0
A11: 8 | B11: Bakery Yest total | C11: =SUM(C4:C10) -> 0 | D11: =SUM(D4:D10) -> 0 | E11: =SUM(E4:E10) -> 0 | F11: =SUM(F4:F10) -> 0 | G11: =SUM(G4:G10) -> 0 | H11: =SUM(H4:H10) -> 0 | I11: =SUM(I4:I10) -> 0 | J11: =SUM(J4:J10) -> 0 | ... L11: =SUM(L4:L10) -> 0 | M11: =SUM(C11:L11) -> 0
A12: 9 | B12: Instant Leaven -450gr | M12: =SUM(C12:L12) -> 0
A13: 10 | B13: Instant Leaven -500gr | M13: =SUM(C13:L13) -> 0
A14: 11 | B14: Leaven Total | C14: =SUM(C12:C13) -> 0 | D14: =SUM(D12:D13) -> 0 | E14: =SUM(E12:E13) -> 0 | F14: =SUM(F12:F13) -> 0 | G14: =SUM(G12:G13) -> 0 | H14: =SUM(H12:H13) -> 0 | I14: =SUM(I12:I13) -> 0 | J14: =SUM(J12:J13) -> 0 | ... L14: =SUM(L12:L13) -> 0 | M14: =SUM(C14:L14) -> 0
A15: 12 | B15: Shortening- 15 kg | M15: =SUM(C15:L15) -> 0
A16: 13 | B16: Total Yest | C16: =C11+C14 -> 0 | D16: =D11+D14 -> 0 | E16: =E11+E14 -> 0 | F16: =F11+F14 -> 0 | G16: =G11+G14 -> 0 | H16: =H11+H14 -> 0 | I16: =I11+I14 -> 0 | J16: =J11+J14 -> 0 | ... L16: =L11+L14 -> 0 | M16: =SUM(C16:L16) -> 0
A17: 14 | B17: Angle Dry Yeast 25g | M17: =SUM(C17:L17) -> 0
A18: 15 | B18: Angle Dry Yeast 50g | M18: =SUM(C18:L18) -> 0
A19: 16 | B19: Total Angle Dry Yeast | C19: =SUM(C17:C18) -> 0 | D19: =SUM(D17:D18) -> 0 | E19: =SUM(E17:E18) -> 0 | F19: =SUM(F17:F18) -> 0 | G19: =SUM(G17:G18) -> 0 | H19: =SUM(H17:H18) -> 0 | I19: =SUM(I17:I18) -> 0 | J19: =SUM(J17:J18) -> 0 | ... M19: =SUM(M17:M18) -> 0
A20: 17 | B20: Mitra Margerine (Bakers compound -15kg) | M20: =SUM(C20:L20) -> 0
A21: 18 | B21: Mitra Margerine (Blue Lable) - 15kg | M21: =SUM(C21:L21) -> 0
A22: 19 | B22: Mitra - (Bun Compound 15Kg) | M22: =SUM(C22:L22) -> 0
A23: 20 | B23: Bakers Star Multy Purpes 15kg | M23: =SUM(C23:L23) -> 0
A24: 21 | B24: Bakers Star Primum Cake 15kg | M24: =SUM(C24:L24) -> 0
A25: 22 | B25: Mitra 15Kg (Bread Compound 15Kg) | M25: =SUM(C25:L25) -> 0
A26: 23 | B26: Bakers Star Pastry Margareen 15kg | M26: =SUM(C26:L26) -> 0
A27: 24 | B27: Bakers Star Creming Fat Margareen 15kg | M27: =SUM(C27:L27) -> 0
A28: 25 | B28: Total Magrgering | C28: =SUM(C20:C27) -> 0 | D28: =SUM(D20:D27) -> 0 | E28: =SUM(E20:E27) -> 0 | F28: =SUM(F20:F27) -> 0 | G28: =SUM(G20:G27) -> 0 | H28: =SUM(H20:H27) -> 0 | I28: =SUM(I20:I27) -> 0 | J28: =SUM(J20:J27) -> 0 | ... L28: =SUM(L20:L27) -> 0 | M28: =SUM(C28:L28) -> 0
A29: 26 | B29: Som-Chai 25kg bag | M29: =SUM(C29:L29) -> 0
A30: 27 | B30: Som-Chai G1 25kg bag | M30: =SUM(C30:L30) -> 0
A31: 28 | B31: Bread Improver- 01kg(LD-500) | M31: =SUM(C31:L31) -> 0
A32: 29 | B32: Bread Improver- 01kg(A-800) | M32: =SUM(C32:L32) -> 0
A33: 30 | B33: Som-Chai G2 25kg bag | M33: =SUM(C33:L33) -> 0
A34: 31 | B34: Som-Chai G2 1kg Pkt | M34: =SUM(C34:L34) -> 0
A35: 32 | B35: Som-Chai G2 350g Pkt | M35: =SUM(C35:L35) -> 0
A36: 33 | B36: Pan Grease- 5L | M36: =SUM(C36:L36) -> 0
A37: 34 | B37: Pan Grease- 20L | M37: =SUM(C37:L37) -> 0
A38: 35 | B38: Hybrid Noodles (Red) | M38: =SUM(C38:L38) -> 0
A39: 36 | B39: Isi PVD 400g | M39: =SUM(C39:L39) -> 0
A40: 37 | B40: Isi 1kg | M40: =SUM(C40:L40) -> 0
... A53: 50 | B53: Welcome Crystal 1 Kg | M53: =SUM(C53:L53) -> 0
A54: 51 | M54: =SUM(C54:L54) -> 0
A55: 52 | B55: Bundy Full | M55: =SUM(C55:L55) -> 0
A56: 53 | B56: Esi Salt 1Kg | M56: =SUM(C56:L56) -> 0
A57: 54 | B57: Salt Bulk | M57: =SUM(C57:L57) -> 0
A58: 55 | B58: Esi Rasa Mix - 500g | M58: =SUM(C58:L58) -> 0
A59: 56 | B59: Esi Rasa Mix - 6g | M59: =SUM(C59:L59) -> 0
A60: 57 | B60: Smart Soya & Star Soya | M60: =SUM(C60:L60) -> 0
A61: 58 | B61: Davani Batha | M61: =SUM(C61:L61) -> 0
A62: 59 | B62: Sauce New item | C62: =C72+C73+C74 -> 0 | D62: =D72+D73+D74 -> 0 | E62: =E72+E73+E74 -> 0 | F62: =F72+F73+F74 -> 0 | G62: =G72+G73+G74 -> 0 | H62: =H72+H73+H74 -> 0 | I62: =I72+I73+I74 -> 0 | M62: =SUM(C62:L62) -> 0
A63: 60 | B63: Vineger Bot total | M63: =SUM(C63:L63) -> 0
A64: 61 | B64: Tomato Value | M64: =SUM(C64:L64) -> 0
A65: 62 | B65: Total Pc | M65: =SUM(C65:L65) -> 0
A66: 63 | B66: Total Value Rs. | M66: =SUM(C66:L66) -> 0
A67: 64 | B67: Warking Day | M67: =SUM(C67:L67) -> 0
A68: 65 | B68: Coffe Value | M68: =SUM(C68:L68) -> 0
A69: 66 | B69: Direct Achievement | M69: =SUM(C69:L69) -> 0
A70: 67 | B70: Free Issue Value | M70: =SUM(C70:L70) -> 0
A71: 68 | B71: Discount Value | M71: =SUM(C71:L71) -> 0
A72: 69 | B72: TOMATO SAUCE 1 LT | M72: =SUM(C72:L72) -> 0
A73: 70 | B73: TOMATO SAUCE 2LT | M73: =SUM(C73:L73) -> 0
A74: 71 | B74: TOMATO SAUCE 4LT | M74: =SUM(C74:L74) -> 0
... A103: 100 | B103: Triple Washed Crystal Salt 1kg | M103: =SUM(C103:L103) -> 0

Sheet 30
A1: Daily achievement sheet (Van/Cluster/Singel /Welimada/DLS Oparations)
A2: Sr | B2: Item Description | M2: ASE
B3: RMS Items | C3: Avissawella | D3: Rathnapura | E3: Hanwella | F3: Horana | G3: Balangoda | H3: Piliyandala | M3: Tatal (B)
A4: 1 | B4: High Sugar- 500gr (Angel) | M4: =SUM(C4:L4) -> 0
A5: 2 | B5: Low Sugar -450gr (Angle) | M5: =SUM(C5:L5) -> 0
A6: 3 | B6: Low Sugar -500gr (Angle) | M6: =SUM(C6:L6) -> 0
A7: 4 | B7: Gloripan Instant Dry Yeast (High Sugar) 500g | M7: =SUM(C7:L7) -> 0
A8: 5 | B8: Gloripan Instant Dry Yeast (Low Sugar) 500g | M8: =SUM(C8:L8) -> 0
A9: 6 | B9: 2 In 1 Yeast 500gr (Low Suger) | M9: =SUM(C9:L9) -> 0
A10: 7 | B10: 2 In 1 Yeast 500gr (High Suger) | M10: =SUM(C10:L10) -> 0
A11: 8 | B11: Bakery Yest total | C11: =SUM(C4:C10) -> 0 | D11: =SUM(D4:D10) -> 0 | E11: =SUM(E4:E10) -> 0 | F11: =SUM(F4:F10) -> 0 | G11: =SUM(G4:G10) -> 0 | H11: =SUM(H4:H10) -> 0 | I11: =SUM(I4:I10) -> 0 | J11: =SUM(J4:J10) -> 0 | ... L11: =SUM(L4:L10) -> 0 | M11: =SUM(C11:L11) -> 0
A12: 9 | B12: Instant Leaven -450gr | M12: =SUM(C12:L12) -> 0
A13: 10 | B13: Instant Leaven -500gr | M13: =SUM(C13:L13) -> 0
A14: 11 | B14: Leaven Total | C14: =SUM(C12:C13) -> 0 | D14: =SUM(D12:D13) -> 0 | E14: =SUM(E12:E13) -> 0 | F14: =SUM(F12:F13) -> 0 | G14: =SUM(G12:G13) -> 0 | H14: =SUM(H12:H13) -> 0 | I14: =SUM(I12:I13) -> 0 | J14: =SUM(J12:J13) -> 0 | ... L14: =SUM(L12:L13) -> 0 | M14: =SUM(C14:L14) -> 0
A15: 12 | B15: Shortening- 15 kg | M15: =SUM(C15:L15) -> 0
A16: 13 | B16: Total Yest | C16: =C11+C14 -> 0 | D16: =D11+D14 -> 0 | E16: =E11+E14 -> 0 | F16: =F11+F14 -> 0 | G16: =G11+G14 -> 0 | H16: =H11+H14 -> 0 | I16: =I11+I14 -> 0 | J16: =J11+J14 -> 0 | ... L16: =L11+L14 -> 0 | M16: =SUM(C16:L16) -> 0
A17: 14 | B17: Angle Dry Yeast 25g | M17: =SUM(C17:L17) -> 0
A18: 15 | B18: Angle Dry Yeast 50g | M18: =SUM(C18:L18) -> 0
A19: 16 | B19: Total Angle Dry Yeast | C19: =SUM(C17:C18) -> 0 | D19: =SUM(D17:D18) -> 0 | E19: =SUM(E17:E18) -> 0 | F19: =SUM(F17:F18) -> 0 | G19: =SUM(G17:G18) -> 0 | H19: =SUM(H17:H18) -> 0 | I19: =SUM(I17:I18) -> 0 | J19: =SUM(J17:J18) -> 0 | ... M19: =SUM(M17:M18) -> 0
A20: 17 | B20: Mitra Margerine (Bakers compound -15kg) | M20: =SUM(C20:L20) -> 0
A21: 18 | B21: Mitra Margerine (Blue Lable) - 15kg | M21: =SUM(C21:L21) -> 0
A22: 19 | B22: Mitra - (Bun Compound 15Kg) | M22: =SUM(C22:L22) -> 0
A23: 20 | B23: Bakers Star Multy Purpes 15kg | M23: =SUM(C23:L23) -> 0
A24: 21 | B24: Bakers Star Primum Cake 15kg | M24: =SUM(C24:L24) -> 0
A25: 22 | B25: Mitra 15Kg (Bread Compound 15Kg) | M25: =SUM(C25:L25) -> 0
A26: 23 | B26: Bakers Star Pastry Margareen 15kg | M26: =SUM(C26:L26) -> 0
A27: 24 | B27: Bakers Star Creming Fat Margareen 15kg | M27: =SUM(C27:L27) -> 0
A28: 25 | B28: Total Magrgering | C28: =SUM(C20:C27) -> 0 | D28: =SUM(D20:D27) -> 0 | E28: =SUM(E20:E27) -> 0 | F28: =SUM(F20:F27) -> 0 | G28: =SUM(G20:G27) -> 0 | H28: =SUM(H20:H27) -> 0 | I28: =SUM(I20:I27) -> 0 | J28: =SUM(J20:J27) -> 0 | ... L28: =SUM(L20:L27) -> 0 | M28: =SUM(C28:L28) -> 0
A29: 26 | B29: Som-Chai 25kg bag | M29: =SUM(C29:L29) -> 0
A30: 27 | B30: Som-Chai G1 25kg bag | M30: =SUM(C30:L30) -> 0
A31: 28 | B31: Bread Improver- 01kg(LD-500) | M31: =SUM(C31:L31) -> 0
A32: 29 | B32: Bread Improver- 01kg(A-800) | M32: =SUM(C32:L32) -> 0
A33: 30 | B33: Som-Chai G2 25kg bag | M33: =SUM(C33:L33) -> 0
A34: 31 | B34: Som-Chai G2 1kg Pkt | M34: =SUM(C34:L34) -> 0
A35: 32 | B35: Som-Chai G2 350g Pkt | M35: =SUM(C35:L35) -> 0
A36: 33 | B36: Pan Grease- 5L | M36: =SUM(C36:L36) -> 0
A37: 34 | B37: Pan Grease- 20L | M37: =SUM(C37:L37) -> 0
A38: 35 | B38: Hybrid Noodles (Red) | M38: =SUM(C38:L38) -> 0
A39: 36 | B39: Isi PVD 400g | M39: =SUM(C39:L39) -> 0
A40: 37 | B40: Isi 1kg | M40: =SUM(C40:L40) -> 0
... A53: 50 | B53: Welcome Crystal 1 Kg | M53: =SUM(C53:L53) -> 0
A54: 51 | M54: =SUM(C54:L54) -> 0
A55: 52 | B55: Bundy Full | M55: =SUM(C55:L55) -> 0
A56: 53 | B56: Esi Salt 1Kg | M56: =SUM(C56:L56) -> 0
A57: 54 | B57: Salt Bulk | M57: =SUM(C57:L57) -> 0
A58: 55 | B58: Esi Rasa Mix - 500g | M58: =SUM(C58:L58) -> 0
A59: 56 | B59: Esi Rasa Mix - 6g | M59: =SUM(C59:L59) -> 0
A60: 57 | B60: Smart Soya & Star Soya | M60: =SUM(C60:L60) -> 0
A61: 58 | B61: Davani Batha | M61: =SUM(C61:L61) -> 0
A62: 59 | B62: Sauce New item | C62: =C72+C73+C74 -> 0 | D62: =D72+D73+D74 -> 0 | E62: =E72+E73+E74 -> 0 | F62: =F72+F73+F74 -> 0 | G62: =G72+G73+G74 -> 0 | H62: =H72+H73+H74 -> 0 | I62: =I72+I73+I74 -> 0 | M62: =SUM(C62:L62) -> 0
A63: 60 | B63: Vineger Bot total | M63: =SUM(C63:L63) -> 0
A64: 61 | B64: Tomato Value | M64: =SUM(C64:L64) -> 0
A65: 62 | B65: Total Pc | M65: =SUM(C65:L65) -> 0
A66: 63 | B66: Total Value Rs. | M66: =SUM(C66:L66) -> 0
A67: 64 | B67: Warking Day | M67: =SUM(C67:L67) -> 0
A68: 65 | B68: Coffe Value | M68: =SUM(C68:L68) -> 0
A69: 66 | B69: Direct Achievement | M69: =SUM(C69:L69) -> 0
A70: 67 | B70: Free Issue Value | M70: =SUM(C70:L70) -> 0
A71: 68 | B71: Discount Value | M71: =SUM(C71:L71) -> 0
A72: 69 | B72: TOMATO SAUCE 1 LT | M72: =SUM(C72:L72) -> 0
A73: 70 | B73: TOMATO SAUCE 2LT | M73: =SUM(C73:L73) -> 0
A74: 71 | B74: TOMATO SAUCE 4LT | M74: =SUM(C74:L74) -> 0
... A103: 100 | B103: Triple Washed Crystal Salt 1kg | M103: =SUM(C103:L103) -> 0

Sheet 31
A1: Daily achievement sheet (Van/Cluster/Singel /Welimada/DLS Oparations)
A2: Sr | B2: Item Description | M2: ASE
B3: RMS Items | C3: Avissawella | D3: Rathnapura | E3: Hanwella | F3: Horana | G3: Balangoda | H3: Piliyandala | M3: Tatal (B)
A4: 1 | B4: High Sugar- 500gr (Angel) | M4: =SUM(C4:L4) -> 0
A5: 2 | B5: Low Sugar -450gr (Angle) | M5: =SUM(C5:L5) -> 0
A6: 3 | B6: Low Sugar -500gr (Angle) | M6: =SUM(C6:L6) -> 0
A7: 4 | B7: Gloripan Instant Dry Yeast (High Sugar) 500g | M7: =SUM(C7:L7) -> 0
A8: 5 | B8: Gloripan Instant Dry Yeast (Low Sugar) 500g | M8: =SUM(C8:L8) -> 0
A9: 6 | B9: 2 In 1 Yeast 500gr (Low Suger) | M9: =SUM(C9:L9) -> 0
A10: 7 | B10: 2 In 1 Yeast 500gr (High Suger) | M10: =SUM(C10:L10) -> 0
A11: 8 | B11: Bakery Yest total | C11: =SUM(C4:C10) -> 0 | D11: =SUM(D4:D10) -> 0 | E11: =SUM(E4:E10) -> 0 | F11: =SUM(F4:F10) -> 0 | G11: =SUM(G4:G10) -> 0 | H11: =SUM(H4:H10) -> 0 | I11: =SUM(I4:I10) -> 0 | J11: =SUM(J4:J10) -> 0 | ... L11: =SUM(L4:L10) -> 0 | M11: =SUM(C11:L11) -> 0
A12: 9 | B12: Instant Leaven -450gr | M12: =SUM(C12:L12) -> 0
A13: 10 | B13: Instant Leaven -500gr | M13: =SUM(C13:L13) -> 0
A14: 11 | B14: Leaven Total | C14: =SUM(C12:C13) -> 0 | D14: =SUM(D12:D13) -> 0 | E14: =SUM(E12:E13) -> 0 | F14: =SUM(F12:F13) -> 0 | G14: =SUM(G12:G13) -> 0 | H14: =SUM(H12:H13) -> 0 | I14: =SUM(I12:I13) -> 0 | J14: =SUM(J12:J13) -> 0 | ... L14: =SUM(L12:L13) -> 0 | M14: =SUM(C14:L14) -> 0
A15: 12 | B15: Shortening- 15 kg | M15: =SUM(C15:L15) -> 0
A16: 13 | B16: Total Yest | C16: =C11+C14 -> 0 | D16: =D11+D14 -> 0 | E16: =E11+E14 -> 0 | F16: =F11+F14 -> 0 | G16: =G11+G14 -> 0 | H16: =H11+H14 -> 0 | I16: =I11+I14 -> 0 | J16: =J11+J14 -> 0 | ... L16: =L11+L14 -> 0 | M16: =SUM(C16:L16) -> 0
A17: 14 | B17: Angle Dry Yeast 25g | M17: =SUM(C17:L17) -> 0
A18: 15 | B18: Angle Dry Yeast 50g | M18: =SUM(C18:L18) -> 0
A19: 16 | B19: Total Angle Dry Yeast | C19: =SUM(C17:C18) -> 0 | D19: =SUM(D17:D18) -> 0 | E19: =SUM(E17:E18) -> 0 | F19: =SUM(F17:F18) -> 0 | G19: =SUM(G17:G18) -> 0 | H19: =SUM(H17:H18) -> 0 | I19: =SUM(I17:I18) -> 0 | J19: =SUM(J17:J18) -> 0 | ... M19: =SUM(M17:M18) -> 0
A20: 17 | B20: Mitra Margerine (Bakers compound -15kg) | M20: =SUM(C20:L20) -> 0
A21: 18 | B21: Mitra Margerine (Blue Lable) - 15kg | M21: =SUM(C21:L21) -> 0
A22: 19 | B22: Mitra - (Bun Compound 15Kg) | M22: =SUM(C22:L22) -> 0
A23: 20 | B23: Bakers Star Multy Purpes 15kg | M23: =SUM(C23:L23) -> 0
A24: 21 | B24: Bakers Star Primum Cake 15kg | M24: =SUM(C24:L24) -> 0
A25: 22 | B25: Mitra 15Kg (Bread Compound 15Kg) | M25: =SUM(C25:L25) -> 0
A26: 23 | B26: Bakers Star Pastry Margareen 15kg | M26: =SUM(C26:L26) -> 0
A27: 24 | B27: Bakers Star Creming Fat Margareen 15kg | M27: =SUM(C27:L27) -> 0
A28: 25 | B28: Total Magrgering | C28: =SUM(C20:C27) -> 0 | D28: =SUM(D20:D27) -> 0 | E28: =SUM(E20:E27) -> 0 | F28: =SUM(F20:F27) -> 0 | G28: =SUM(G20:G27) -> 0 | H28: =SUM(H20:H27) -> 0 | I28: =SUM(I20:I27) -> 0 | J28: =SUM(J20:J27) -> 0 | ... L28: =SUM(L20:L27) -> 0 | M28: =SUM(C28:L28) -> 0
A29: 26 | B29: Som-Chai 25kg bag | M29: =SUM(C29:L29) -> 0
A30: 27 | B30: Som-Chai G1 25kg bag | M30: =SUM(C30:L30) -> 0
A31: 28 | B31: Bread Improver- 01kg(LD-500) | M31: =SUM(C31:L31) -> 0
A32: 29 | B32: Bread Improver- 01kg(A-800) | M32: =SUM(C32:L32) -> 0
A33: 30 | B33: Som-Chai G2 25kg bag | M33: =SUM(C33:L33) -> 0
A34: 31 | B34: Som-Chai G2 1kg Pkt | M34: =SUM(C34:L34) -> 0
A35: 32 | B35: Som-Chai G2 350g Pkt | M35: =SUM(C35:L35) -> 0
A36: 33 | B36: Pan Grease- 5L | M36: =SUM(C36:L36) -> 0
A37: 34 | B37: Pan Grease- 20L | M37: =SUM(C37:L37) -> 0
A38: 35 | B38: Hybrid Noodles (Red) | M38: =SUM(C38:L38) -> 0
A39: 36 | B39: Isi PVD 400g | M39: =SUM(C39:L39) -> 0
A40: 37 | B40: Isi 1kg | M40: =SUM(C40:L40) -> 0
... A53: 50 | B53: Welcome Crystal 1 Kg | M53: =SUM(C53:L53) -> 0
A54: 51 | M54: =SUM(C54:L54) -> 0
A55: 52 | B55: Bundy Full | M55: =SUM(C55:L55) -> 0
A56: 53 | B56: Esi Salt 1Kg | M56: =SUM(C56:L56) -> 0
A57: 54 | B57: Salt Bulk | M57: =SUM(C57:L57) -> 0
A58: 55 | B58: Esi Rasa Mix - 500g | M58: =SUM(C58:L58) -> 0
A59: 56 | B59: Esi Rasa Mix - 6g | M59: =SUM(C59:L59) -> 0
A60: 57 | B60: Smart Soya & Star Soya | M60: =SUM(C60:L60) -> 0
A61: 58 | B61: Davani Batha | M61: =SUM(C61:L61) -> 0
A62: 59 | B62: Sauce New item | C62: =C72+C73+C74 -> 0 | D62: =D72+D73+D74 -> 0 | E62: =E72+E73+E74 -> 0 | F62: =F72+F73+F74 -> 0 | G62: =G72+G73+G74 -> 0 | H62: =H72+H73+H74 -> 0 | I62: =I72+I73+I74 -> 0 | M62: =SUM(C62:L62) -> 0
A63: 60 | B63: Vineger Bot total | M63: =SUM(C63:L63) -> 0
A64: 61 | B64: Tomato Value | M64: =SUM(C64:L64) -> 0
A65: 62 | B65: Total Pc | M65: =SUM(C65:L65) -> 0
A66: 63 | B66: Total Value Rs. | M66: =SUM(C66:L66) -> 0
A67: 64 | B67: Warking Day | M67: =SUM(C67:L67) -> 0
A68: 65 | B68: Coffe Value | M68: =SUM(C68:L68) -> 0
A69: 66 | B69: Direct Achievement | M69: =SUM(C69:L69) -> 0
A70: 67 | B70: Free Issue Value | M70: =SUM(C70:L70) -> 0
A71: 68 | B71: Discount Value | M71: =SUM(C71:L71) -> 0
A72: 69 | B72: TOMATO SAUCE 1 LT | M72: =SUM(C72:L72) -> 0
A73: 70 | B73: TOMATO SAUCE 2LT | M73: =SUM(C73:L73) -> 0
A74: 71 | B74: TOMATO SAUCE 4LT | M74: =SUM(C74:L74) -> 0
... A103: 100 | B103: Triple Washed Crystal Salt 1kg | M103: =SUM(C103:L103) -> 0

Sheet Cum Sheet
A2: Sr | B2: Item Description | M2: ASE
B3: RMS Items | C3: Avissawella | D3: Rathnapura | E3: Hanwella | F3: Horana | G3: Balangoda | H3: Piliyandala | M3: Tatal (B)
A4: 1 | B4: High Sugar- 500gr (Angel) | C4: ='1'!C4+'2'!C4+'3'!C4+'4'!C4+'5'!C4+'6'!C4+'7'!C4+'8'!C4+'9'!C4+'10'!C4+'11'!C4+'12'!C4+'13'!C4+'14'!C4+'15'!C4+'16'!C4+'17'!C4+'18'!C4+'19'!C4+'20'!C4+'21'!C4+'22'!C4+'23'!C4+'24'!C4+'25'!C4+'26'!C4+'27'!C4+'28'!C4+'29'!C4+'30'!C4+'31'!C4 -> 0 | D4: ='1'!D4+'2'!D4+'3'!D4+'4'!D4+'5'!D4+'6'!D4+'7'!D4+'8'!D4+'9'!D4+'10'!D4+'11'!D4+'12'!D4+'13'!D4+'14'!D4+'15'!D4+'16'!D4+'17'!D4+'18'!D4+'19'!D4+'20'!D4+'21'!D4+'22'!D4+'23'!D4+'24'!D4+'25'!D4+'26'!D4+'27'!D4+'28'!D4+'29'!D4+'30'!D4+'31'!D4 -> 0 | E4: ='1'!E4+'2'!E4+'3'!E4+'4'!E4+'5'!E4+'6'!E4+'7'!E4+'8'!E4+'9'!E4+'10'!E4+'11'!E4+'12'!E4+'13'!E4+'14'!E4+'15'!E4+'16'!E4+'17'!E4+'18'!E4+'19'!E4+'20'!E4+'21'!E4+'22'!E4+'23'!E4+'24'!E4+'25'!E4+'26'!E4+'27'!E4+'28'!E4+'29'!E4+'30'!E4+'31'!E4 -> 0 | F4: ='1'!F4+'2'!F4+'3'!F4+'4'!F4+'5'!F4+'6'!F4+'7'!F4+'8'!F4+'9'!F4+'10'!F4+'11'!F4+'12'!F4+'13'!F4+'14'!F4+'15'!F4+'16'!F4+'17'!F4+'18'!F4+'19'!F4+'20'!F4+'21'!F4+'22'!F4+'23'!F4+'24'!F4+'25'!F4+'26'!F4+'27'!F4+'28'!F4+'29'!F4+'30'!F4+'31'!F4 -> 0 | G4: ='1'!G4+'2'!G4+'3'!G4+'4'!G4+'5'!G4+'6'!G4+'7'!G4+'8'!G4+'9'!G4+'10'!G4+'11'!G4+'12'!G4+'13'!G4+'14'!G4+'15'!G4+'16'!G4+'17'!G4+'18'!G4+'19'!G4+'20'!G4+'21'!G4+'22'!G4+'23'!G4+'24'!G4+'25'!G4+'26'!G4+'27'!G4+'28'!G4+'29'!G4+'30'!G4+'31'!G4 -> 0 | H4: ='1'!H4+'2'!H4+'3'!H4+'4'!H4+'5'!H4+'6'!H4+'7'!H4+'8'!H4+'9'!H4+'10'!H4+'11'!H4+'12'!H4+'13'!H4+'14'!H4+'15'!H4+'16'!H4+'17'!H4+'18'!H4+'19'!H4+'20'!H4+'21'!H4+'22'!H4+'23'!H4+'24'!H4+'25'!H4+'26'!H4+'27'!H4+'28'!H4+'29'!H4+'30'!H4+'31'!H4 -> 0 | I4: ='1'!I4+'2'!I4+'3'!I4+'4'!I4+'5'!I4+'6'!I4+'7'!I4+'8'!I4+'9'!I4+'10'!I4+'11'!I4+'12'!I4+'13'!I4+'14'!I4+'15'!I4+'16'!I4+'17'!I4+'18'!I4+'19'!I4+'20'!I4+'21'!I4+'22'!I4+'23'!I4+'24'!I4+'25'!I4+'26'!I4+'27'!I4+'28'!I4+'29'!I4+'30'!I4+'31'!I4 -> 0 | J4: ='1'!J4+'2'!J4+'3'!J4+'4'!J4+'5'!J4+'6'!J4+'7'!J4+'8'!J4+'9'!J4+'10'!J4+'11'!J4+'12'!J4+'13'!J4+'14'!J4+'15'!J4+'16'!J4+'17'!J4+'18'!J4+'19'!J4+'20'!J4+'21'!J4+'22'!J4+'23'!J4+'24'!J4+'25'!J4+'26'!J4+'27'!J4+'28'!J4+'29'!J4+'30'!J4+'31'!J4 -> 0 | ... L4: ='1'!L4+'2'!L4+'3'!L4+'4'!L4+'5'!L4+'6'!L4+'7'!L4+'8'!L4+'9'!L4+'10'!L4+'11'!L4+'12'!L4+'13'!L4+'14'!L4+'15'!L4+'16'!L4+'17'!L4+'18'!L4+'19'!L4+'20'!L4+'21'!L4+'22'!L4+'23'!L4+'24'!L4+'25'!L4+'26'!L4+'27'!L4+'28'!L4+'29'!L4+'30'!L4+'31'!L4 -> 0 | M4: =SUM(C4:L4) -> 0
A5: 2 | B5: Low Sugar -450gr (Angle) | C5: ='1'!C5+'2'!C5+'3'!C5+'4'!C5+'5'!C5+'6'!C5+'7'!C5+'8'!C5+'9'!C5+'10'!C5+'11'!C5+'12'!C5+'13'!C5+'14'!C5+'15'!C5+'16'!C5+'17'!C5+'18'!C5+'19'!C5+'20'!C5+'21'!C5+'22'!C5+'23'!C5+'24'!C5+'25'!C5+'26'!C5+'27'!C5+'28'!C5+'29'!C5+'30'!C5+'31'!C5 -> 0 | D5: ='1'!D5+'2'!D5+'3'!D5+'4'!D5+'5'!D5+'6'!D5+'7'!D5+'8'!D5+'9'!D5+'10'!D5+'11'!D5+'12'!D5+'13'!D5+'14'!D5+'15'!D5+'16'!D5+'17'!D5+'18'!D5+'19'!D5+'20'!D5+'21'!D5+'22'!D5+'23'!D5+'24'!D5+'25'!D5+'26'!D5+'27'!D5+'28'!D5+'29'!D5+'30'!D5+'31'!D5 -> 0 | E5: ='1'!E5+'2'!E5+'3'!E5+'4'!E5+'5'!E5+'6'!E5+'7'!E5+'8'!E5+'9'!E5+'10'!E5+'11'!E5+'12'!E5+'13'!E5+'14'!E5+'15'!E5+'16'!E5+'17'!E5+'18'!E5+'19'!E5+'20'!E5+'21'!E5+'22'!E5+'23'!E5+'24'!E5+'25'!E5+'26'!E5+'27'!E5+'28'!E5+'29'!E5+'30'!E5+'31'!E5 -> 0 | F5: ='1'!F5+'2'!F5+'3'!F5+'4'!F5+'5'!F5+'6'!F5+'7'!F5+'8'!F5+'9'!F5+'10'!F5+'11'!F5+'12'!F5+'13'!F5+'14'!F5+'15'!F5+'16'!F5+'17'!F5+'18'!F5+'19'!F5+'20'!F5+'21'!F5+'22'!F5+'23'!F5+'24'!F5+'25'!F5+'26'!F5+'27'!F5+'28'!F5+'29'!F5+'30'!F5+'31'!F5 -> 0 | G5: ='1'!G5+'2'!G5+'3'!G5+'4'!G5+'5'!G5+'6'!G5+'7'!G5+'8'!G5+'9'!G5+'10'!G5+'11'!G5+'12'!G5+'13'!G5+'14'!G5+'15'!G5+'16'!G5+'17'!G5+'18'!G5+'19'!G5+'20'!G5+'21'!G5+'22'!G5+'23'!G5+'24'!G5+'25'!G5+'26'!G5+'27'!G5+'28'!G5+'29'!G5+'30'!G5+'31'!G5 -> 0 | H5: ='1'!H5+'2'!H5+'3'!H5+'4'!H5+'5'!H5+'6'!H5+'7'!H5+'8'!H5+'9'!H5+'10'!H5+'11'!H5+'12'!H5+'13'!H5+'14'!H5+'15'!H5+'16'!H5+'17'!H5+'18'!H5+'19'!H5+'20'!H5+'21'!H5+'22'!H5+'23'!H5+'24'!H5+'25'!H5+'26'!H5+'27'!H5+'28'!H5+'29'!H5+'30'!H5+'31'!H5 -> 0 | I5: ='1'!I5+'2'!I5+'3'!I5+'4'!I5+'5'!I5+'6'!I5+'7'!I5+'8'!I5+'9'!I5+'10'!I5+'11'!I5+'12'!I5+'13'!I5+'14'!I5+'15'!I5+'16'!I5+'17'!I5+'18'!I5+'19'!I5+'20'!I5+'21'!I5+'22'!I5+'23'!I5+'24'!I5+'25'!I5+'26'!I5+'27'!I5+'28'!I5+'29'!I5+'30'!I5+'31'!I5 -> 0 | J5: ='1'!J5+'2'!J5+'3'!J5+'4'!J5+'5'!J5+'6'!J5+'7'!J5+'8'!J5+'9'!J5+'10'!J5+'11'!J5+'12'!J5+'13'!J5+'14'!J5+'15'!J5+'16'!J5+'17'!J5+'18'!J5+'19'!J5+'20'!J5+'21'!J5+'22'!J5+'23'!J5+'24'!J5+'25'!J5+'26'!J5+'27'!J5+'28'!J5+'29'!J5+'30'!J5+'31'!J5 -> 0 | ... L5: ='1'!L5+'2'!L5+'3'!L5+'4'!L5+'5'!L5+'6'!L5+'7'!L5+'8'!L5+'9'!L5+'10'!L5+'11'!L5+'12'!L5+'13'!L5+'14'!L5+'15'!L5+'16'!L5+'17'!L5+'18'!L5+'19'!L5+'20'!L5+'21'!L5+'22'!L5+'23'!L5+'24'!L5+'25'!L5+'26'!L5+'27'!L5+'28'!L5+'29'!L5+'30'!L5+'31'!L5 -> 0 | M5: =SUM(C5:L5) -> 0
A6: 3 | B6: Low Sugar -500gr (Angle) | C6: ='1'!C6+'2'!C6+'3'!C6+'4'!C6+'5'!C6+'6'!C6+'7'!C6+'8'!C6+'9'!C6+'10'!C6+'11'!C6+'12'!C6+'13'!C6+'14'!C6+'15'!C6+'16'!C6+'17'!C6+'18'!C6+'19'!C6+'20'!C6+'21'!C6+'22'!C6+'23'!C6+'24'!C6+'25'!C6+'26'!C6+'27'!C6+'28'!C6+'29'!C6+'30'!C6+'31'!C6 -> 0 | D6: ='1'!D6+'2'!D6+'3'!D6+'4'!D6+'5'!D6+'6'!D6+'7'!D6+'8'!D6+'9'!D6+'10'!D6+'11'!D6+'12'!D6+'13'!D6+'14'!D6+'15'!D6+'16'!D6+'17'!D6+'18'!D6+'19'!D6+'20'!D6+'21'!D6+'22'!D6+'23'!D6+'24'!D6+'25'!D6+'26'!D6+'27'!D6+'28'!D6+'29'!D6+'30'!D6+'31'!D6 -> 0 | E6: ='1'!E6+'2'!E6+'3'!E6+'4'!E6+'5'!E6+'6'!E6+'7'!E6+'8'!E6+'9'!E6+'10'!E6+'11'!E6+'12'!E6+'13'!E6+'14'!E6+'15'!E6+'16'!E6+'17'!E6+'18'!E6+'19'!E6+'20'!E6+'21'!E6+'22'!E6+'23'!E6+'24'!E6+'25'!E6+'26'!E6+'27'!E6+'28'!E6+'29'!E6+'30'!E6+'31'!E6 -> 0 | F6: ='1'!F6+'2'!F6+'3'!F6+'4'!F6+'5'!F6+'6'!F6+'7'!F6+'8'!F6+'9'!F6+'10'!F6+'11'!F6+'12'!F6+'13'!F6+'14'!F6+'15'!F6+'16'!F6+'17'!F6+'18'!F6+'19'!F6+'20'!F6+'21'!F6+'22'!F6+'23'!F6+'24'!F6+'25'!F6+'26'!F6+'27'!F6+'28'!F6+'29'!F6+'30'!F6+'31'!F6 -> 0 | G6: ='1'!G6+'2'!G6+'3'!G6+'4'!G6+'5'!G6+'6'!G6+'7'!G6+'8'!G6+'9'!G6+'10'!G6+'11'!G6+'12'!G6+'13'!G6+'14'!G6+'15'!G6+'16'!G6+'17'!G6+'18'!G6+'19'!G6+'20'!G6+'21'!G6+'22'!G6+'23'!G6+'24'!G6+'25'!G6+'26'!G6+'27'!G6+'28'!G6+'29'!G6+'30'!G6+'31'!G6 -> 0 | H6: ='1'!H6+'2'!H6+'3'!H6+'4'!H6+'5'!H6+'6'!H6+'7'!H6+'8'!H6+'9'!H6+'10'!H6+'11'!H6+'12'!H6+'13'!H6+'14'!H6+'15'!H6+'16'!H6+'17'!H6+'18'!H6+'19'!H6+'20'!H6+'21'!H6+'22'!H6+'23'!H6+'24'!H6+'25'!H6+'26'!H6+'27'!H6+'28'!H6+'29'!H6+'30'!H6+'31'!H6 -> 0 | I6: ='1'!I6+'2'!I6+'3'!I6+'4'!I6+'5'!I6+'6'!I6+'7'!I6+'8'!I6+'9'!I6+'10'!I6+'11'!I6+'12'!I6+'13'!I6+'14'!I6+'15'!I6+'16'!I6+'17'!I6+'18'!I6+'19'!I6+'20'!I6+'21'!I6+'22'!I6+'23'!I6+'24'!I6+'25'!I6+'26'!I6+'27'!I6+'28'!I6+'29'!I6+'30'!I6+'31'!I6 -> 0 | J6: ='1'!J6+'2'!J6+'3'!J6+'4'!J6+'5'!J6+'6'!J6+'7'!J6+'8'!J6+'9'!J6+'10'!J6+'11'!J6+'12'!J6+'13'!J6+'14'!J6+'15'!J6+'16'!J6+'17'!J6+'18'!J6+'19'!J6+'20'!J6+'21'!J6+'22'!J6+'23'!J6+'24'!J6+'25'!J6+'26'!J6+'27'!J6+'28'!J6+'29'!J6+'30'!J6+'31'!J6 -> 0 | ... L6: ='1'!L6+'2'!L6+'3'!L6+'4'!L6+'5'!L6+'6'!L6+'7'!L6+'8'!L6+'9'!L6+'10'!L6+'11'!L6+'12'!L6+'13'!L6+'14'!L6+'15'!L6+'16'!L6+'17'!L6+'18'!L6+'19'!L6+'20'!L6+'21'!L6+'22'!L6+'23'!L6+'24'!L6+'25'!L6+'26'!L6+'27'!L6+'28'!L6+'29'!L6+'30'!L6+'31'!L6 -> 0 | M6: =SUM(C6:L6) -> 0
A7: 4 | B7: Gloripan Instant Dry Yeast (High Sugar) 500g | C7: ='1'!C7+'2'!C7+'3'!C7+'4'!C7+'5'!C7+'6'!C7+'7'!C7+'8'!C7+'9'!C7+'10'!C7+'11'!C7+'12'!C7+'13'!C7+'14'!C7+'15'!C7+'16'!C7+'17'!C7+'18'!C7+'19'!C7+'20'!C7+'21'!C7+'22'!C7+'23'!C7+'24'!C7+'25'!C7+'26'!C7+'27'!C7+'28'!C7+'29'!C7+'30'!C7+'31'!C7 -> 0 | D7: ='1'!D7+'2'!D7+'3'!D7+'4'!D7+'5'!D7+'6'!D7+'7'!D7+'8'!D7+'9'!D7+'10'!D7+'11'!D7+'12'!D7+'13'!D7+'14'!D7+'15'!D7+'16'!D7+'17'!D7+'18'!D7+'19'!D7+'20'!D7+'21'!D7+'22'!D7+'23'!D7+'24'!D7+'25'!D7+'26'!D7+'27'!D7+'28'!D7+'29'!D7+'30'!D7+'31'!D7 -> 0 | E7: ='1'!E7+'2'!E7+'3'!E7+'4'!E7+'5'!E7+'6'!E7+'7'!E7+'8'!E7+'9'!E7+'10'!E7+'11'!E7+'12'!E7+'13'!E7+'14'!E7+'15'!E7+'16'!E7+'17'!E7+'18'!E7+'19'!E7+'20'!E7+'21'!E7+'22'!E7+'23'!E7+'24'!E7+'25'!E7+'26'!E7+'27'!E7+'28'!E7+'29'!E7+'30'!E7+'31'!E7 -> 0 | F7: ='1'!F7+'2'!F7+'3'!F7+'4'!F7+'5'!F7+'6'!F7+'7'!F7+'8'!F7+'9'!F7+'10'!F7+'11'!F7+'12'!F7+'13'!F7+'14'!F7+'15'!F7+'16'!F7+'17'!F7+'18'!F7+'19'!F7+'20'!F7+'21'!F7+'22'!F7+'23'!F7+'24'!F7+'25'!F7+'26'!F7+'27'!F7+'28'!F7+'29'!F7+'30'!F7+'31'!F7 -> 0 | G7: ='1'!G7+'2'!G7+'3'!G7+'4'!G7+'5'!G7+'6'!G7+'7'!G7+'8'!G7+'9'!G7+'10'!G7+'11'!G7+'12'!G7+'13'!G7+'14'!G7+'15'!G7+'16'!G7+'17'!G7+'18'!G7+'19'!G7+'20'!G7+'21'!G7+'22'!G7+'23'!G7+'24'!G7+'25'!G7+'26'!G7+'27'!G7+'28'!G7+'29'!G7+'30'!G7+'31'!G7 -> 0 | H7: ='1'!H7+'2'!H7+'3'!H7+'4'!H7+'5'!H7+'6'!H7+'7'!H7+'8'!H7+'9'!H7+'10'!H7+'11'!H7+'12'!H7+'13'!H7+'14'!H7+'15'!H7+'16'!H7+'17'!H7+'18'!H7+'19'!H7+'20'!H7+'21'!H7+'22'!H7+'23'!H7+'24'!H7+'25'!H7+'26'!H7+'27'!H7+'28'!H7+'29'!H7+'30'!H7+'31'!H7 -> 0 | I7: ='1'!I7+'2'!I7+'3'!I7+'4'!I7+'5'!I7+'6'!I7+'7'!I7+'8'!I7+'9'!I7+'10'!I7+'11'!I7+'12'!I7+'13'!I7+'14'!I7+'15'!I7+'16'!I7+'17'!I7+'18'!I7+'19'!I7+'20'!I7+'21'!I7+'22'!I7+'23'!I7+'24'!I7+'25'!I7+'26'!I7+'27'!I7+'28'!I7+'29'!I7+'30'!I7+'31'!I7 -> 0 | J7: ='1'!J7+'2'!J7+'3'!J7+'4'!J7+'5'!J7+'6'!J7+'7'!J7+'8'!J7+'9'!J7+'10'!J7+'11'!J7+'12'!J7+'13'!J7+'14'!J7+'15'!J7+'16'!J7+'17'!J7+'18'!J7+'19'!J7+'20'!J7+'21'!J7+'22'!J7+'23'!J7+'24'!J7+'25'!J7+'26'!J7+'27'!J7+'28'!J7+'29'!J7+'30'!J7+'31'!J7 -> 0 | ... L7: ='1'!L7+'2'!L7+'3'!L7+'4'!L7+'5'!L7+'6'!L7+'7'!L7+'8'!L7+'9'!L7+'10'!L7+'11'!L7+'12'!L7+'13'!L7+'14'!L7+'15'!L7+'16'!L7+'17'!L7+'18'!L7+'19'!L7+'20'!L7+'21'!L7+'22'!L7+'23'!L7+'24'!L7+'25'!L7+'26'!L7+'27'!L7+'28'!L7+'29'!L7+'30'!L7+'31'!L7 -> 0 | M7: =SUM(C7:L7) -> 0
A8: 5 | B8: Gloripan Instant Dry Yeast (Low Sugar) 500g | C8: ='1'!C8+'2'!C8+'3'!C8+'4'!C8+'5'!C8+'6'!C8+'7'!C8+'8'!C8+'9'!C8+'10'!C8+'11'!C8+'12'!C8+'13'!C8+'14'!C8+'15'!C8+'16'!C8+'17'!C8+'18'!C8+'19'!C8+'20'!C8+'21'!C8+'22'!C8+'23'!C8+'24'!C8+'25'!C8+'26'!C8+'27'!C8+'28'!C8+'29'!C8+'30'!C8+'31'!C8 -> 0 | D8: ='1'!D8+'2'!D8+'3'!D8+'4'!D8+'5'!D8+'6'!D8+'7'!D8+'8'!D8+'9'!D8+'10'!D8+'11'!D8+'12'!D8+'13'!D8+'14'!D8+'15'!D8+'16'!D8+'17'!D8+'18'!D8+'19'!D8+'20'!D8+'21'!D8+'22'!D8+'23'!D8+'24'!D8+'25'!D8+'26'!D8+'27'!D8+'28'!D8+'29'!D8+'30'!D8+'31'!D8 -> 0 | E8: ='1'!E8+'2'!E8+'3'!E8+'4'!E8+'5'!E8+'6'!E8+'7'!E8+'8'!E8+'9'!E8+'10'!E8+'11'!E8+'12'!E8+'13'!E8+'14'!E8+'15'!E8+'16'!E8+'17'!E8+'18'!E8+'19'!E8+'20'!E8+'21'!E8+'22'!E8+'23'!E8+'24'!E8+'25'!E8+'26'!E8+'27'!E8+'28'!E8+'29'!E8+'30'!E8+'31'!E8 -> 0 | F8: ='1'!F8+'2'!F8+'3'!F8+'4'!F8+'5'!F8+'6'!F8+'7'!F8+'8'!F8+'9'!F8+'10'!F8+'11'!F8+'12'!F8+'13'!F8+'14'!F8+'15'!F8+'16'!F8+'17'!F8+'18'!F8+'19'!F8+'20'!F8+'21'!F8+'22'!F8+'23'!F8+'24'!F8+'25'!F8+'26'!F8+'27'!F8+'28'!F8+'29'!F8+'30'!F8+'31'!F8 -> 0 | G8: ='1'!G8+'2'!G8+'3'!G8+'4'!G8+'5'!G8+'6'!G8+'7'!G8+'8'!G8+'9'!G8+'10'!G8+'11'!G8+'12'!G8+'13'!G8+'14'!G8+'15'!G8+'16'!G8+'17'!G8+'18'!G8+'19'!G8+'20'!G8+'21'!G8+'22'!G8+'23'!G8+'24'!G8+'25'!G8+'26'!G8+'27'!G8+'28'!G8+'29'!G8+'30'!G8+'31'!G8 -> 0 | H8: ='1'!H8+'2'!H8+'3'!H8+'4'!H8+'5'!H8+'6'!H8+'7'!H8+'8'!H8+'9'!H8+'10'!H8+'11'!H8+'12'!H8+'13'!H8+'14'!H8+'15'!H8+'16'!H8+'17'!H8+'18'!H8+'19'!H8+'20'!H8+'21'!H8+'22'!H8+'23'!H8+'24'!H8+'25'!H8+'26'!H8+'27'!H8+'28'!H8+'29'!H8+'30'!H8+'31'!H8 -> 0 | I8: ='1'!I8+'2'!I8+'3'!I8+'4'!I8+'5'!I8+'6'!I8+'7'!I8+'8'!I8+'9'!I8+'10'!I8+'11'!I8+'12'!I8+'13'!I8+'14'!I8+'15'!I8+'16'!I8+'17'!I8+'18'!I8+'19'!I8+'20'!I8+'21'!I8+'22'!I8+'23'!I8+'24'!I8+'25'!I8+'26'!I8+'27'!I8+'28'!I8+'29'!I8+'30'!I8+'31'!I8 -> 0 | J8: ='1'!J8+'2'!J8+'3'!J8+'4'!J8+'5'!J8+'6'!J8+'7'!J8+'8'!J8+'9'!J8+'10'!J8+'11'!J8+'12'!J8+'13'!J8+'14'!J8+'15'!J8+'16'!J8+'17'!J8+'18'!J8+'19'!J8+'20'!J8+'21'!J8+'22'!J8+'23'!J8+'24'!J8+'25'!J8+'26'!J8+'27'!J8+'28'!J8+'29'!J8+'30'!J8+'31'!J8 -> 0 | ... L8: ='1'!L8+'2'!L8+'3'!L8+'4'!L8+'5'!L8+'6'!L8+'7'!L8+'8'!L8+'9'!L8+'10'!L8+'11'!L8+'12'!L8+'13'!L8+'14'!L8+'15'!L8+'16'!L8+'17'!L8+'18'!L8+'19'!L8+'20'!L8+'21'!L8+'22'!L8+'23'!L8+'24'!L8+'25'!L8+'26'!L8+'27'!L8+'28'!L8+'29'!L8+'30'!L8+'31'!L8 -> 0 | M8: =SUM(C8:L8) -> 0
A9: 6 | B9: 2 In 1 Yeast 500gr (Low Suger) | C9: ='1'!C9+'2'!C9+'3'!C9+'4'!C9+'5'!C9+'6'!C9+'7'!C9+'8'!C9+'9'!C9+'10'!C9+'11'!C9+'12'!C9+'13'!C9+'14'!C9+'15'!C9+'16'!C9+'17'!C9+'18'!C9+'19'!C9+'20'!C9+'21'!C9+'22'!C9+'23'!C9+'24'!C9+'25'!C9+'26'!C9+'27'!C9+'28'!C9+'29'!C9+'30'!C9+'31'!C9 -> 0 | D9: ='1'!D9+'2'!D9+'3'!D9+'4'!D9+'5'!D9+'6'!D9+'7'!D9+'8'!D9+'9'!D9+'10'!D9+'11'!D9+'12'!D9+'13'!D9+'14'!D9+'15'!D9+'16'!D9+'17'!D9+'18'!D9+'19'!D9+'20'!D9+'21'!D9+'22'!D9+'23'!D9+'24'!D9+'25'!D9+'26'!D9+'27'!D9+'28'!D9+'29'!D9+'30'!D9+'31'!D9 -> 0 | E9: ='1'!E9+'2'!E9+'3'!E9+'4'!E9+'5'!E9+'6'!E9+'7'!E9+'8'!E9+'9'!E9+'10'!E9+'11'!E9+'12'!E9+'13'!E9+'14'!E9+'15'!E9+'16'!E9+'17'!E9+'18'!E9+'19'!E9+'20'!E9+'21'!E9+'22'!E9+'23'!E9+'24'!E9+'25'!E9+'26'!E9+'27'!E9+'28'!E9+'29'!E9+'30'!E9+'31'!E9 -> 0 | F9: ='1'!F9+'2'!F9+'3'!F9+'4'!F9+'5'!F9+'6'!F9+'7'!F9+'8'!F9+'9'!F9+'10'!F9+'11'!F9+'12'!F9+'13'!F9+'14'!F9+'15'!F9+'16'!F9+'17'!F9+'18'!F9+'19'!F9+'20'!F9+'21'!F9+'22'!F9+'23'!F9+'24'!F9+'25'!F9+'26'!F9+'27'!F9+'28'!F9+'29'!F9+'30'!F9+'31'!F9 -> 0 | G9: ='1'!G9+'2'!G9+'3'!G9+'4'!G9+'5'!G9+'6'!G9+'7'!G9+'8'!G9+'9'!G9+'10'!G9+'11'!G9+'12'!G9+'13'!G9+'14'!G9+'15'!G9+'16'!G9+'17'!G9+'18'!G9+'19'!G9+'20'!G9+'21'!G9+'22'!G9+'23'!G9+'24'!G9+'25'!G9+'26'!G9+'27'!G9+'28'!G9+'29'!G9+'30'!G9+'31'!G9 -> 0 | H9: ='1'!H9+'2'!H9+'3'!H9+'4'!H9+'5'!H9+'6'!H9+'7'!H9+'8'!H9+'9'!H9+'10'!H9+'11'!H9+'12'!H9+'13'!H9+'14'!H9+'15'!H9+'16'!H9+'17'!H9+'18'!H9+'19'!H9+'20'!H9+'21'!H9+'22'!H9+'23'!H9+'24'!H9+'25'!H9+'26'!H9+'27'!H9+'28'!H9+'29'!H9+'30'!H9+'31'!H9 -> 0 | I9: ='1'!I9+'2'!I9+'3'!I9+'4'!I9+'5'!I9+'6'!I9+'7'!I9+'8'!I9+'9'!I9+'10'!I9+'11'!I9+'12'!I9+'13'!I9+'14'!I9+'15'!I9+'16'!I9+'17'!I9+'18'!I9+'19'!I9+'20'!I9+'21'!I9+'22'!I9+'23'!I9+'24'!I9+'25'!I9+'26'!I9+'27'!I9+'28'!I9+'29'!I9+'30'!I9+'31'!I9 -> 0 | J9: ='1'!J9+'2'!J9+'3'!J9+'4'!J9+'5'!J9+'6'!J9+'7'!J9+'8'!J9+'9'!J9+'10'!J9+'11'!J9+'12'!J9+'13'!J9+'14'!J9+'15'!J9+'16'!J9+'17'!J9+'18'!J9+'19'!J9+'20'!J9+'21'!J9+'22'!J9+'23'!J9+'24'!J9+'25'!J9+'26'!J9+'27'!J9+'28'!J9+'29'!J9+'30'!J9+'31'!J9 -> 0 | ... L9: ='1'!L9+'2'!L9+'3'!L9+'4'!L9+'5'!L9+'6'!L9+'7'!L9+'8'!L9+'9'!L9+'10'!L9+'11'!L9+'12'!L9+'13'!L9+'14'!L9+'15'!L9+'16'!L9+'17'!L9+'18'!L9+'19'!L9+'20'!L9+'21'!L9+'22'!L9+'23'!L9+'24'!L9+'25'!L9+'26'!L9+'27'!L9+'28'!L9+'29'!L9+'30'!L9+'31'!L9 -> 0 | M9: =SUM(C9:L9) -> 0
A10: 7 | B10: 2 In 1 Yeast 500gr (High Suger) | C10: ='1'!C10+'2'!C10+'3'!C10+'4'!C10+'5'!C10+'6'!C10+'7'!C10+'8'!C10+'9'!C10+'10'!C10+'11'!C10+'12'!C10+'13'!C10+'14'!C10+'15'!C10+'16'!C10+'17'!C10+'18'!C10+'19'!C10+'20'!C10+'21'!C10+'22'!C10+'23'!C10+'24'!C10+'25'!C10+'26'!C10+'27'!C10+'28'!C10+'29'!C10+'30'!C10+'31'!C10 -> 0 | D10: ='1'!D10+'2'!D10+'3'!D10+'4'!D10+'5'!D10+'6'!D10+'7'!D10+'8'!D10+'9'!D10+'10'!D10+'11'!D10+'12'!D10+'13'!D10+'14'!D10+'15'!D10+'16'!D10+'17'!D10+'18'!D10+'19'!D10+'20'!D10+'21'!D10+'22'!D10+'23'!D10+'24'!D10+'25'!D10+'26'!D10+'27'!D10+'28'!D10+'29'!D10+'30'!D10+'31'!D10 -> 0 | E10: ='1'!E10+'2'!E10+'3'!E10+'4'!E10+'5'!E10+'6'!E10+'7'!E10+'8'!E10+'9'!E10+'10'!E10+'11'!E10+'12'!E10+'13'!E10+'14'!E10+'15'!E10+'16'!E10+'17'!E10+'18'!E10+'19'!E10+'20'!E10+'21'!E10+'22'!E10+'23'!E10+'24'!E10+'25'!E10+'26'!E10+'27'!E10+'28'!E10+'29'!E10+'30'!E10+'31'!E10 -> 0 | F10: ='1'!F10+'2'!F10+'3'!F10+'4'!F10+'5'!F10+'6'!F10+'7'!F10+'8'!F10+'9'!F10+'10'!F10+'11'!F10+'12'!F10+'13'!F10+'14'!F10+'15'!F10+'16'!F10+'17'!F10+'18'!F10+'19'!F10+'20'!F10+'21'!F10+'22'!F10+'23'!F10+'24'!F10+'25'!F10+'26'!F10+'27'!F10+'28'!F10+'29'!F10+'30'!F10+'31'!F10 -> 0 | G10: ='1'!G10+'2'!G10+'3'!G10+'4'!G10+'5'!G10+'6'!G10+'7'!G10+'8'!G10+'9'!G10+'10'!G10+'11'!G10+'12'!G10+'13'!G10+'14'!G10+'15'!G10+'16'!G10+'17'!G10+'18'!G10+'19'!G10+'20'!G10+'21'!G10+'22'!G10+'23'!G10+'24'!G10+'25'!G10+'26'!G10+'27'!G10+'28'!G10+'29'!G10+'30'!G10+'31'!G10 -> 0 | H10: ='1'!H10+'2'!H10+'3'!H10+'4'!H10+'5'!H10+'6'!H10+'7'!H10+'8'!H10+'9'!H10+'10'!H10+'11'!H10+'12'!H10+'13'!H10+'14'!H10+'15'!H10+'16'!H10+'17'!H10+'18'!H10+'19'!H10+'20'!H10+'21'!H10+'22'!H10+'23'!H10+'24'!H10+'25'!H10+'26'!H10+'27'!H10+'28'!H10+'29'!H10+'30'!H10+'31'!H10 -> 0 | I10: ='1'!I10+'2'!I10+'3'!I10+'4'!I10+'5'!I10+'6'!I10+'7'!I10+'8'!I10+'9'!I10+'10'!I10+'11'!I10+'12'!I10+'13'!I10+'14'!I10+'15'!I10+'16'!I10+'17'!I10+'18'!I10+'19'!I10+'20'!I10+'21'!I10+'22'!I10+'23'!I10+'24'!I10+'25'!I10+'26'!I10+'27'!I10+'28'!I10+'29'!I10+'30'!I10+'31'!I10 -> 0 | J10: ='1'!J10+'2'!J10+'3'!J10+'4'!J10+'5'!J10+'6'!J10+'7'!J10+'8'!J10+'9'!J10+'10'!J10+'11'!J10+'12'!J10+'13'!J10+'14'!J10+'15'!J10+'16'!J10+'17'!J10+'18'!J10+'19'!J10+'20'!J10+'21'!J10+'22'!J10+'23'!J10+'24'!J10+'25'!J10+'26'!J10+'27'!J10+'28'!J10+'29'!J10+'30'!J10+'31'!J10 -> 0 | ... L10: ='1'!L10+'2'!L10+'3'!L10+'4'!L10+'5'!L10+'6'!L10+'7'!L10+'8'!L10+'9'!L10+'10'!L10+'11'!L10+'12'!L10+'13'!L10+'14'!L10+'15'!L10+'16'!L10+'17'!L10+'18'!L10+'19'!L10+'20'!L10+'21'!L10+'22'!L10+'23'!L10+'24'!L10+'25'!L10+'26'!L10+'27'!L10+'28'!L10+'29'!L10+'30'!L10+'31'!L10 -> 0 | M10: =SUM(C10:L10) -> 0
A11: 8 | B11: Bakery Yest total | C11: =SUM(C4:C10) -> 0 | D11: =SUM(D4:D10) -> 0 | E11: =SUM(E4:E10) -> 0 | F11: =SUM(F4:F10) -> 0 | G11: =SUM(G4:G10) -> 0 | H11: =SUM(H4:H10) -> 0 | I11: =SUM(I4:I10) -> 0 | J11: =SUM(J4:J10) -> 0 | ... L11: =SUM(L4:L10) -> 0 | M11: =SUM(C11:L11) -> 0
A12: 9 | B12: Instant Leaven -450gr | C12: ='1'!C12+'2'!C12+'3'!C12+'4'!C12+'5'!C12+'6'!C12+'7'!C12+'8'!C12+'9'!C12+'10'!C12+'11'!C12+'12'!C12+'13'!C12+'14'!C12+'15'!C12+'16'!C12+'17'!C12+'18'!C12+'19'!C12+'20'!C12+'21'!C12+'22'!C12+'23'!C12+'24'!C12+'25'!C12+'26'!C12+'27'!C12+'28'!C12+'29'!C12+'30'!C12+'31'!C12 -> 0 | D12: ='1'!D12+'2'!D12+'3'!D12+'4'!D12+'5'!D12+'6'!D12+'7'!D12+'8'!D12+'9'!D12+'10'!D12+'11'!D12+'12'!D12+'13'!D12+'14'!D12+'15'!D12+'16'!D12+'17'!D12+'18'!D12+'19'!D12+'20'!D12+'21'!D12+'22'!D12+'23'!D12+'24'!D12+'25'!D12+'26'!D12+'27'!D12+'28'!D12+'29'!D12+'30'!D12+'31'!D12 -> 0 | E12: ='1'!E12+'2'!E12+'3'!E12+'4'!E12+'5'!E12+'6'!E12+'7'!E12+'8'!E12+'9'!E12+'10'!E12+'11'!E12+'12'!E12+'13'!E12+'14'!E12+'15'!E12+'16'!E12+'17'!E12+'18'!E12+'19'!E12+'20'!E12+'21'!E12+'22'!E12+'23'!E12+'24'!E12+'25'!E12+'26'!E12+'27'!E12+'28'!E12+'29'!E12+'30'!E12+'31'!E12 -> 0 | F12: ='1'!F12+'2'!F12+'3'!F12+'4'!F12+'5'!F12+'6'!F12+'7'!F12+'8'!F12+'9'!F12+'10'!F12+'11'!F12+'12'!F12+'13'!F12+'14'!F12+'15'!F12+'16'!F12+'17'!F12+'18'!F12+'19'!F12+'20'!F12+'21'!F12+'22'!F12+'23'!F12+'24'!F12+'25'!F12+'26'!F12+'27'!F12+'28'!F12+'29'!F12+'30'!F12+'31'!F12 -> 0 | G12: ='1'!G12+'2'!G12+'3'!G12+'4'!G12+'5'!G12+'6'!G12+'7'!G12+'8'!G12+'9'!G12+'10'!G12+'11'!G12+'12'!G12+'13'!G12+'14'!G12+'15'!G12+'16'!G12+'17'!G12+'18'!G12+'19'!G12+'20'!G12+'21'!G12+'22'!G12+'23'!G12+'24'!G12+'25'!G12+'26'!G12+'27'!G12+'28'!G12+'29'!G12+'30'!G12+'31'!G12 -> 0 | H12: ='1'!H12+'2'!H12+'3'!H12+'4'!H12+'5'!H12+'6'!H12+'7'!H12+'8'!H12+'9'!H12+'10'!H12+'11'!H12+'12'!H12+'13'!H12+'14'!H12+'15'!H12+'16'!H12+'17'!H12+'18'!H12+'19'!H12+'20'!H12+'21'!H12+'22'!H12+'23'!H12+'24'!H12+'25'!H12+'26'!H12+'27'!H12+'28'!H12+'29'!H12+'30'!H12+'31'!H12 -> 0 | I12: ='1'!I12+'2'!I12+'3'!I12+'4'!I12+'5'!I12+'6'!I12+'7'!I12+'8'!I12+'9'!I12+'10'!I12+'11'!I12+'12'!I12+'13'!I12+'14'!I12+'15'!I12+'16'!I12+'17'!I12+'18'!I12+'19'!I12+'20'!I12+'21'!I12+'22'!I12+'23'!I12+'24'!I12+'25'!I12+'26'!I12+'27'!I12+'28'!I12+'29'!I12+'30'!I12+'31'!I12 -> 0 | J12: ='1'!J12+'2'!J12+'3'!J12+'4'!J12+'5'!J12+'6'!J12+'7'!J12+'8'!J12+'9'!J12+'10'!J12+'11'!J12+'12'!J12+'13'!J12+'14'!J12+'15'!J12+'16'!J12+'17'!J12+'18'!J12+'19'!J12+'20'!J12+'21'!J12+'22'!J12+'23'!J12+'24'!J12+'25'!J12+'26'!J12+'27'!J12+'28'!J12+'29'!J12+'30'!J12+'31'!J12 -> 0 | ... L12: ='1'!L12+'2'!L12+'3'!L12+'4'!L12+'5'!L12+'6'!L12+'7'!L12+'8'!L12+'9'!L12+'10'!L12+'11'!L12+'12'!L12+'13'!L12+'14'!L12+'15'!L12+'16'!L12+'17'!L12+'18'!L12+'19'!L12+'20'!L12+'21'!L12+'22'!L12+'23'!L12+'24'!L12+'25'!L12+'26'!L12+'27'!L12+'28'!L12+'29'!L12+'30'!L12+'31'!L12 -> 0 | M12: =SUM(C12:L12) -> 0
A13: 10 | B13: Instant Leaven -500gr | C13: ='1'!C13+'2'!C13+'3'!C13+'4'!C13+'5'!C13+'6'!C13+'7'!C13+'8'!C13+'9'!C13+'10'!C13+'11'!C13+'12'!C13+'13'!C13+'14'!C13+'15'!C13+'16'!C13+'17'!C13+'18'!C13+'19'!C13+'20'!C13+'21'!C13+'22'!C13+'23'!C13+'24'!C13+'25'!C13+'26'!C13+'27'!C13+'28'!C13+'29'!C13+'30'!C13+'31'!C13 -> 0 | D13: ='1'!D13+'2'!D13+'3'!D13+'4'!D13+'5'!D13+'6'!D13+'7'!D13+'8'!D13+'9'!D13+'10'!D13+'11'!D13+'12'!D13+'13'!D13+'14'!D13+'15'!D13+'16'!D13+'17'!D13+'18'!D13+'19'!D13+'20'!D13+'21'!D13+'22'!D13+'23'!D13+'24'!D13+'25'!D13+'26'!D13+'27'!D13+'28'!D13+'29'!D13+'30'!D13+'31'!D13 -> 0 | E13: ='1'!E13+'2'!E13+'3'!E13+'4'!E13+'5'!E13+'6'!E13+'7'!E13+'8'!E13+'9'!E13+'10'!E13+'11'!E13+'12'!E13+'13'!E13+'14'!E13+'15'!E13+'16'!E13+'17'!E13+'18'!E13+'19'!E13+'20'!E13+'21'!E13+'22'!E13+'23'!E13+'24'!E13+'25'!E13+'26'!E13+'27'!E13+'28'!E13+'29'!E13+'30'!E13+'31'!E13 -> 0 | F13: ='1'!F13+'2'!F13+'3'!F13+'4'!F13+'5'!F13+'6'!F13+'7'!F13+'8'!F13+'9'!F13+'10'!F13+'11'!F13+'12'!F13+'13'!F13+'14'!F13+'15'!F13+'16'!F13+'17'!F13+'18'!F13+'19'!F13+'20'!F13+'21'!F13+'22'!F13+'23'!F13+'24'!F13+'25'!F13+'26'!F13+'27'!F13+'28'!F13+'29'!F13+'30'!F13+'31'!F13 -> 0 | G13: ='1'!G13+'2'!G13+'3'!G13+'4'!G13+'5'!G13+'6'!G13+'7'!G13+'8'!G13+'9'!G13+'10'!G13+'11'!G13+'12'!G13+'13'!G13+'14'!G13+'15'!G13+'16'!G13+'17'!G13+'18'!G13+'19'!G13+'20'!G13+'21'!G13+'22'!G13+'23'!G13+'24'!G13+'25'!G13+'26'!G13+'27'!G13+'28'!G13+'29'!G13+'30'!G13+'31'!G13 -> 0 | H13: ='1'!H13+'2'!H13+'3'!H13+'4'!H13+'5'!H13+'6'!H13+'7'!H13+'8'!H13+'9'!H13+'10'!H13+'11'!H13+'12'!H13+'13'!H13+'14'!H13+'15'!H13+'16'!H13+'17'!H13+'18'!H13+'19'!H13+'20'!H13+'21'!H13+'22'!H13+'23'!H13+'24'!H13+'25'!H13+'26'!H13+'27'!H13+'28'!H13+'29'!H13+'30'!H13+'31'!H13 -> 0 | I13: ='1'!I13+'2'!I13+'3'!I13+'4'!I13+'5'!I13+'6'!I13+'7'!I13+'8'!I13+'9'!I13+'10'!I13+'11'!I13+'12'!I13+'13'!I13+'14'!I13+'15'!I13+'16'!I13+'17'!I13+'18'!I13+'19'!I13+'20'!I13+'21'!I13+'22'!I13+'23'!I13+'24'!I13+'25'!I13+'26'!I13+'27'!I13+'28'!I13+'29'!I13+'30'!I13+'31'!I13 -> 0 | J13: ='1'!J13+'2'!J13+'3'!J13+'4'!J13+'5'!J13+'6'!J13+'7'!J13+'8'!J13+'9'!J13+'10'!J13+'11'!J13+'12'!J13+'13'!J13+'14'!J13+'15'!J13+'16'!J13+'17'!J13+'18'!J13+'19'!J13+'20'!J13+'21'!J13+'22'!J13+'23'!J13+'24'!J13+'25'!J13+'26'!J13+'27'!J13+'28'!J13+'29'!J13+'30'!J13+'31'!J13 -> 0 | ... L13: ='1'!L13+'2'!L13+'3'!L13+'4'!L13+'5'!L13+'6'!L13+'7'!L13+'8'!L13+'9'!L13+'10'!L13+'11'!L13+'12'!L13+'13'!L13+'14'!L13+'15'!L13+'16'!L13+'17'!L13+'18'!L13+'19'!L13+'20'!L13+'21'!L13+'22'!L13+'23'!L13+'24'!L13+'25'!L13+'26'!L13+'27'!L13+'28'!L13+'29'!L13+'30'!L13+'31'!L13 -> 0 | M13: =SUM(C13:L13) -> 0
A14: 11 | B14: Leaven Total | C14: =SUM(C12:C13) -> 0 | D14: =SUM(D12:D13) -> 0 | E14: =SUM(E12:E13) -> 0 | F14: =SUM(F12:F13) -> 0 | G14: =SUM(G12:G13) -> 0 | H14: =SUM(H12:H13) -> 0 | I14: =SUM(I12:I13) -> 0 | J14: =SUM(J12:J13) -> 0 | ... L14: =SUM(L12:L13) -> 0 | M14: =SUM(C14:L14) -> 0
A15: 12 | B15: Shortening- 15 kg | C15: ='1'!C15+'2'!C15+'3'!C15+'4'!C15+'5'!C15+'6'!C15+'7'!C15+'8'!C15+'9'!C15+'10'!C15+'11'!C15+'12'!C15+'13'!C15+'14'!C15+'15'!C15+'16'!C15+'17'!C15+'18'!C15+'19'!C15+'20'!C15+'21'!C15+'22'!C15+'23'!C15+'24'!C15+'25'!C15+'26'!C15+'27'!C15+'28'!C15+'29'!C15+'30'!C15+'31'!C15 -> 0 | D15: ='1'!D15+'2'!D15+'3'!D15+'4'!D15+'5'!D15+'6'!D15+'7'!D15+'8'!D15+'9'!D15+'10'!D15+'11'!D15+'12'!D15+'13'!D15+'14'!D15+'15'!D15+'16'!D15+'17'!D15+'18'!D15+'19'!D15+'20'!D15+'21'!D15+'22'!D15+'23'!D15+'24'!D15+'25'!D15+'26'!D15+'27'!D15+'28'!D15+'29'!D15+'30'!D15+'31'!D15 -> 0 | E15: ='1'!E15+'2'!E15+'3'!E15+'4'!E15+'5'!E15+'6'!E15+'7'!E15+'8'!E15+'9'!E15+'10'!E15+'11'!E15+'12'!E15+'13'!E15+'14'!E15+'15'!E15+'16'!E15+'17'!E15+'18'!E15+'19'!E15+'20'!E15+'21'!E15+'22'!E15+'23'!E15+'24'!E15+'25'!E15+'26'!E15+'27'!E15+'28'!E15+'29'!E15+'30'!E15+'31'!E15 -> 0 | F15: ='1'!F15+'2'!F15+'3'!F15+'4'!F15+'5'!F15+'6'!F15+'7'!F15+'8'!F15+'9'!F15+'10'!F15+'11'!F15+'12'!F15+'13'!F15+'14'!F15+'15'!F15+'16'!F15+'17'!F15+'18'!F15+'19'!F15+'20'!F15+'21'!F15+'22'!F15+'23'!F15+'24'!F15+'25'!F15+'26'!F15+'27'!F15+'28'!F15+'29'!F15+'30'!F15+'31'!F15 -> 0 | G15: ='1'!G15+'2'!G15+'3'!G15+'4'!G15+'5'!G15+'6'!G15+'7'!G15+'8'!G15+'9'!G15+'10'!G15+'11'!G15+'12'!G15+'13'!G15+'14'!G15+'15'!G15+'16'!G15+'17'!G15+'18'!G15+'19'!G15+'20'!G15+'21'!G15+'22'!G15+'23'!G15+'24'!G15+'25'!G15+'26'!G15+'27'!G15+'28'!G15+'29'!G15+'30'!G15+'31'!G15 -> 0 | H15: ='1'!H15+'2'!H15+'3'!H15+'4'!H15+'5'!H15+'6'!H15+'7'!H15+'8'!H15+'9'!H15+'10'!H15+'11'!H15+'12'!H15+'13'!H15+'14'!H15+'15'!H15+'16'!H15+'17'!H15+'18'!H15+'19'!H15+'20'!H15+'21'!H15+'22'!H15+'23'!H15+'24'!H15+'25'!H15+'26'!H15+'27'!H15+'28'!H15+'29'!H15+'30'!H15+'31'!H15 -> 0 | I15: ='1'!I15+'2'!I15+'3'!I15+'4'!I15+'5'!I15+'6'!I15+'7'!I15+'8'!I15+'9'!I15+'10'!I15+'11'!I15+'12'!I15+'13'!I15+'14'!I15+'15'!I15+'16'!I15+'17'!I15+'18'!I15+'19'!I15+'20'!I15+'21'!I15+'22'!I15+'23'!I15+'24'!I15+'25'!I15+'26'!I15+'27'!I15+'28'!I15+'29'!I15+'30'!I15+'31'!I15 -> 0 | J15: ='1'!J15+'2'!J15+'3'!J15+'4'!J15+'5'!J15+'6'!J15+'7'!J15+'8'!J15+'9'!J15+'10'!J15+'11'!J15+'12'!J15+'13'!J15+'14'!J15+'15'!J15+'16'!J15+'17'!J15+'18'!J15+'19'!J15+'20'!J15+'21'!J15+'22'!J15+'23'!J15+'24'!J15+'25'!J15+'26'!J15+'27'!J15+'28'!J15+'29'!J15+'30'!J15+'31'!J15 -> 0 | ... L15: ='1'!L15+'2'!L15+'3'!L15+'4'!L15+'5'!L15+'6'!L15+'7'!L15+'8'!L15+'9'!L15+'10'!L15+'11'!L15+'12'!L15+'13'!L15+'14'!L15+'15'!L15+'16'!L15+'17'!L15+'18'!L15+'19'!L15+'20'!L15+'21'!L15+'22'!L15+'23'!L15+'24'!L15+'25'!L15+'26'!L15+'27'!L15+'28'!L15+'29'!L15+'30'!L15+'31'!L15 -> 0 | M15: =SUM(C15:L15) -> 0
A16: 13 | B16: Total Yest | C16: =C11+C14 -> 0 | D16: =D11+D14 -> 0 | E16: =E11+E14 -> 0 | F16: =F11+F14 -> 0 | G16: =G11+G14 -> 0 | H16: =H11+H14 -> 0 | I16: =I11+I14 -> 0 | J16: =J11+J14 -> 0 | ... L16: =L11+L14 -> 0 | M16: =SUM(C16:L16) -> 0
A17: 14 | B17: Angle Dry Yeast 25g | C17: ='1'!C17+'2'!C17+'3'!C17+'4'!C17+'5'!C17+'6'!C17+'7'!C17+'8'!C17+'9'!C17+'10'!C17+'11'!C17+'12'!C17+'13'!C17+'14'!C17+'15'!C17+'16'!C17+'17'!C17+'18'!C17+'19'!C17+'20'!C17+'21'!C17+'22'!C17+'23'!C17+'24'!C17+'25'!C17+'26'!C17+'27'!C17+'28'!C17+'29'!C17+'30'!C17+'31'!C17 -> 0 | D17: ='1'!D17+'2'!D17+'3'!D17+'4'!D17+'5'!D17+'6'!D17+'7'!D17+'8'!D17+'9'!D17+'10'!D17+'11'!D17+'12'!D17+'13'!D17+'14'!D17+'15'!D17+'16'!D17+'17'!D17+'18'!D17+'19'!D17+'20'!D17+'21'!D17+'22'!D17+'23'!D17+'24'!D17+'25'!D17+'26'!D17+'27'!D17+'28'!D17+'29'!D17+'30'!D17+'31'!D17 -> 0 | E17: ='1'!E17+'2'!E17+'3'!E17+'4'!E17+'5'!E17+'6'!E17+'7'!E17+'8'!E17+'9'!E17+'10'!E17+'11'!E17+'12'!E17+'13'!E17+'14'!E17+'15'!E17+'16'!E17+'17'!E17+'18'!E17+'19'!E17+'20'!E17+'21'!E17+'22'!E17+'23'!E17+'24'!E17+'25'!E17+'26'!E17+'27'!E17+'28'!E17+'29'!E17+'30'!E17+'31'!E17 -> 0 | F17: ='1'!F17+'2'!F17+'3'!F17+'4'!F17+'5'!F17+'6'!F17+'7'!F17+'8'!F17+'9'!F17+'10'!F17+'11'!F17+'12'!F17+'13'!F17+'14'!F17+'15'!F17+'16'!F17+'17'!F17+'18'!F17+'19'!F17+'20'!F17+'21'!F17+'22'!F17+'23'!F17+'24'!F17+'25'!F17+'26'!F17+'27'!F17+'28'!F17+'29'!F17+'30'!F17+'31'!F17 -> 0 | G17: ='1'!G17+'2'!G17+'3'!G17+'4'!G17+'5'!G17+'6'!G17+'7'!G17+'8'!G17+'9'!G17+'10'!G17+'11'!G17+'12'!G17+'13'!G17+'14'!G17+'15'!G17+'16'!G17+'17'!G17+'18'!G17+'19'!G17+'20'!G17+'21'!G17+'22'!G17+'23'!G17+'24'!G17+'25'!G17+'26'!G17+'27'!G17+'28'!G17+'29'!G17+'30'!G17+'31'!G17 -> 0 | H17: ='1'!H17+'2'!H17+'3'!H17+'4'!H17+'5'!H17+'6'!H17+'7'!H17+'8'!H17+'9'!H17+'10'!H17+'11'!H17+'12'!H17+'13'!H17+'14'!H17+'15'!H17+'16'!H17+'17'!H17+'18'!H17+'19'!H17+'20'!H17+'21'!H17+'22'!H17+'23'!H17+'24'!H17+'25'!H17+'26'!H17+'27'!H17+'28'!H17+'29'!H17+'30'!H17+'31'!H17 -> 0 | I17: ='1'!I17+'2'!I17+'3'!I17+'4'!I17+'5'!I17+'6'!I17+'7'!I17+'8'!I17+'9'!I17+'10'!I17+'11'!I17+'12'!I17+'13'!I17+'14'!I17+'15'!I17+'16'!I17+'17'!I17+'18'!I17+'19'!I17+'20'!I17+'21'!I17+'22'!I17+'23'!I17+'24'!I17+'25'!I17+'26'!I17+'27'!I17+'28'!I17+'29'!I17+'30'!I17+'31'!I17 -> 0 | J17: ='1'!J17+'2'!J17+'3'!J17+'4'!J17+'5'!J17+'6'!J17+'7'!J17+'8'!J17+'9'!J17+'10'!J17+'11'!J17+'12'!J17+'13'!J17+'14'!J17+'15'!J17+'16'!J17+'17'!J17+'18'!J17+'19'!J17+'20'!J17+'21'!J17+'22'!J17+'23'!J17+'24'!J17+'25'!J17+'26'!J17+'27'!J17+'28'!J17+'29'!J17+'30'!J17+'31'!J17 -> 0 | ... L17: ='1'!L17+'2'!L17+'3'!L17+'4'!L17+'5'!L17+'6'!L17+'7'!L17+'8'!L17+'9'!L17+'10'!L17+'11'!L17+'12'!L17+'13'!L17+'14'!L17+'15'!L17+'16'!L17+'17'!L17+'18'!L17+'19'!L17+'20'!L17+'21'!L17+'22'!L17+'23'!L17+'24'!L17+'25'!L17+'26'!L17+'27'!L17+'28'!L17+'29'!L17+'30'!L17+'31'!L17 -> 0 | M17: =SUM(C17:L17) -> 0
A18: 15 | B18: Angle Dry Yeast 50g | C18: ='1'!C18+'2'!C18+'3'!C18+'4'!C18+'5'!C18+'6'!C18+'7'!C18+'8'!C18+'9'!C18+'10'!C18+'11'!C18+'12'!C18+'13'!C18+'14'!C18+'15'!C18+'16'!C18+'17'!C18+'18'!C18+'19'!C18+'20'!C18+'21'!C18+'22'!C18+'23'!C18+'24'!C18+'25'!C18+'26'!C18+'27'!C18+'28'!C18+'29'!C18+'30'!C18+'31'!C18 -> 0 | D18: ='1'!D18+'2'!D18+'3'!D18+'4'!D18+'5'!D18+'6'!D18+'7'!D18+'8'!D18+'9'!D18+'10'!D18+'11'!D18+'12'!D18+'13'!D18+'14'!D18+'15'!D18+'16'!D18+'17'!D18+'18'!D18+'19'!D18+'20'!D18+'21'!D18+'22'!D18+'23'!D18+'24'!D18+'25'!D18+'26'!D18+'27'!D18+'28'!D18+'29'!D18+'30'!D18+'31'!D18 -> 0 | E18: ='1'!E18+'2'!E18+'3'!E18+'4'!E18+'5'!E18+'6'!E18+'7'!E18+'8'!E18+'9'!E18+'10'!E18+'11'!E18+'12'!E18+'13'!E18+'14'!E18+'15'!E18+'16'!E18+'17'!E18+'18'!E18+'19'!E18+'20'!E18+'21'!E18+'22'!E18+'23'!E18+'24'!E18+'25'!E18+'26'!E18+'27'!E18+'28'!E18+'29'!E18+'30'!E18+'31'!E18 -> 0 | F18: ='1'!F18+'2'!F18+'3'!F18+'4'!F18+'5'!F18+'6'!F18+'7'!F18+'8'!F18+'9'!F18+'10'!F18+'11'!F18+'12'!F18+'13'!F18+'14'!F18+'15'!F18+'16'!F18+'17'!F18+'18'!F18+'19'!F18+'20'!F18+'21'!F18+'22'!F18+'23'!F18+'24'!F18+'25'!F18+'26'!F18+'27'!F18+'28'!F18+'29'!F18+'30'!F18+'31'!F18 -> 0 | G18: ='1'!G18+'2'!G18+'3'!G18+'4'!G18+'5'!G18+'6'!G18+'7'!G18+'8'!G18+'9'!G18+'10'!G18+'11'!G18+'12'!G18+'13'!G18+'14'!G18+'15'!G18+'16'!G18+'17'!G18+'18'!G18+'19'!G18+'20'!G18+'21'!G18+'22'!G18+'23'!G18+'24'!G18+'25'!G18+'26'!G18+'27'!G18+'28'!G18+'29'!G18+'30'!G18+'31'!G18 -> 0 | H18: ='1'!H18+'2'!H18+'3'!H18+'4'!H18+'5'!H18+'6'!H18+'7'!H18+'8'!H18+'9'!H18+'10'!H18+'11'!H18+'12'!H18+'13'!H18+'14'!H18+'15'!H18+'16'!H18+'17'!H18+'18'!H18+'19'!H18+'20'!H18+'21'!H18+'22'!H18+'23'!H18+'24'!H18+'25'!H18+'26'!H18+'27'!H18+'28'!H18+'29'!H18+'30'!H18+'31'!H18 -> 0 | I18: ='1'!I18+'2'!I18+'3'!I18+'4'!I18+'5'!I18+'6'!I18+'7'!I18+'8'!I18+'9'!I18+'10'!I18+'11'!I18+'12'!I18+'13'!I18+'14'!I18+'15'!I18+'16'!I18+'17'!I18+'18'!I18+'19'!I18+'20'!I18+'21'!I18+'22'!I18+'23'!I18+'24'!I18+'25'!I18+'26'!I18+'27'!I18+'28'!I18+'29'!I18+'30'!I18+'31'!I18 -> 0 | J18: ='1'!J18+'2'!J18+'3'!J18+'4'!J18+'5'!J18+'6'!J18+'7'!J18+'8'!J18+'9'!J18+'10'!J18+'11'!J18+'12'!J18+'13'!J18+'14'!J18+'15'!J18+'16'!J18+'17'!J18+'18'!J18+'19'!J18+'20'!J18+'21'!J18+'22'!J18+'23'!J18+'24'!J18+'25'!J18+'26'!J18+'27'!J18+'28'!J18+'29'!J18+'30'!J18+'31'!J18 -> 0 | ... L18: ='1'!L18+'2'!L18+'3'!L18+'4'!L18+'5'!L18+'6'!L18+'7'!L18+'8'!L18+'9'!L18+'10'!L18+'11'!L18+'12'!L18+'13'!L18+'14'!L18+'15'!L18+'16'!L18+'17'!L18+'18'!L18+'19'!L18+'20'!L18+'21'!L18+'22'!L18+'23'!L18+'24'!L18+'25'!L18+'26'!L18+'27'!L18+'28'!L18+'29'!L18+'30'!L18+'31'!L18 -> 0 | M18: =SUM(C18:L18) -> 0
A19: 16 | B19: Total Angle Dry Yeast | C19: =SUM(C17:C18) -> 0 | D19: =SUM(D17:D18) -> 0 | E19: =SUM(E17:E18) -> 0 | F19: =SUM(F17:F18) -> 0 | G19: =SUM(G17:G18) -> 0 | H19: =SUM(H17:H18) -> 0 | I19: =SUM(I17:I18) -> 0 | J19: =SUM(J17:J18) -> 0 | ... M19: =SUM(M17:M18) -> 0
A20: 17 | B20: Mitra Margerine (Bakers compound -15kg) | C20: ='1'!C20+'2'!C20+'3'!C20+'4'!C20+'5'!C20+'6'!C20+'7'!C20+'8'!C20+'9'!C20+'10'!C20+'11'!C20+'12'!C20+'13'!C20+'14'!C20+'15'!C20+'16'!C20+'17'!C20+'18'!C20+'19'!C20+'20'!C20+'21'!C20+'22'!C20+'23'!C20+'24'!C20+'25'!C20+'26'!C20+'27'!C20+'28'!C20+'29'!C20+'30'!C20+'31'!C20 -> 0 | D20: ='1'!D20+'2'!D20+'3'!D20+'4'!D20+'5'!D20+'6'!D20+'7'!D20+'8'!D20+'9'!D20+'10'!D20+'11'!D20+'12'!D20+'13'!D20+'14'!D20+'15'!D20+'16'!D20+'17'!D20+'18'!D20+'19'!D20+'20'!D20+'21'!D20+'22'!D20+'23'!D20+'24'!D20+'25'!D20+'26'!D20+'27'!D20+'28'!D20+'29'!D20+'30'!D20+'31'!D20 -> 0 | E20: ='1'!E20+'2'!E20+'3'!E20+'4'!E20+'5'!E20+'6'!E20+'7'!E20+'8'!E20+'9'!E20+'10'!E20+'11'!E20+'12'!E20+'13'!E20+'14'!E20+'15'!E20+'16'!E20+'17'!E20+'18'!E20+'19'!E20+'20'!E20+'21'!E20+'22'!E20+'23'!E20+'24'!E20+'25'!E20+'26'!E20+'27'!E20+'28'!E20+'29'!E20+'30'!E20+'31'!E20 -> 0 | F20: ='1'!F20+'2'!F20+'3'!F20+'4'!F20+'5'!F20+'6'!F20+'7'!F20+'8'!F20+'9'!F20+'10'!F20+'11'!F20+'12'!F20+'13'!F20+'14'!F20+'15'!F20+'16'!F20+'17'!F20+'18'!F20+'19'!F20+'20'!F20+'21'!F20+'22'!F20+'23'!F20+'24'!F20+'25'!F20+'26'!F20+'27'!F20+'28'!F20+'29'!F20+'30'!F20+'31'!F20 -> 0 | G20: ='1'!G20+'2'!G20+'3'!G20+'4'!G20+'5'!G20+'6'!G20+'7'!G20+'8'!G20+'9'!G20+'10'!G20+'11'!G20+'12'!G20+'13'!G20+'14'!G20+'15'!G20+'16'!G20+'17'!G20+'18'!G20+'19'!G20+'20'!G20+'21'!G20+'22'!G20+'23'!G20+'24'!G20+'25'!G20+'26'!G20+'27'!G20+'28'!G20+'29'!G20+'30'!G20+'31'!G20 -> 0 | H20: ='1'!H20+'2'!H20+'3'!H20+'4'!H20+'5'!H20+'6'!H20+'7'!H20+'8'!H20+'9'!H20+'10'!H20+'11'!H20+'12'!H20+'13'!H20+'14'!H20+'15'!H20+'16'!H20+'17'!H20+'18'!H20+'19'!H20+'20'!H20+'21'!H20+'22'!H20+'23'!H20+'24'!H20+'25'!H20+'26'!H20+'27'!H20+'28'!H20+'29'!H20+'30'!H20+'31'!H20 -> 0 | I20: ='1'!I20+'2'!I20+'3'!I20+'4'!I20+'5'!I20+'6'!I20+'7'!I20+'8'!I20+'9'!I20+'10'!I20+'11'!I20+'12'!I20+'13'!I20+'14'!I20+'15'!I20+'16'!I20+'17'!I20+'18'!I20+'19'!I20+'20'!I20+'21'!I20+'22'!I20+'23'!I20+'24'!I20+'25'!I20+'26'!I20+'27'!I20+'28'!I20+'29'!I20+'30'!I20+'31'!I20 -> 0 | J20: ='1'!J20+'2'!J20+'3'!J20+'4'!J20+'5'!J20+'6'!J20+'7'!J20+'8'!J20+'9'!J20+'10'!J20+'11'!J20+'12'!J20+'13'!J20+'14'!J20+'15'!J20+'16'!J20+'17'!J20+'18'!J20+'19'!J20+'20'!J20+'21'!J20+'22'!J20+'23'!J20+'24'!J20+'25'!J20+'26'!J20+'27'!J20+'28'!J20+'29'!J20+'30'!J20+'31'!J20 -> 0 | ... L20: ='1'!L20+'2'!L20+'3'!L20+'4'!L20+'5'!L20+'6'!L20+'7'!L20+'8'!L20+'9'!L20+'10'!L20+'11'!L20+'12'!L20+'13'!L20+'14'!L20+'15'!L20+'16'!L20+'17'!L20+'18'!L20+'19'!L20+'20'!L20+'21'!L20+'22'!L20+'23'!L20+'24'!L20+'25'!L20+'26'!L20+'27'!L20+'28'!L20+'29'!L20+'30'!L20+'31'!L20 -> 0 | M20: =SUM(C20:L20) -> 0
A21: 18 | B21: Mitra Margerine (Blue Lable) - 15kg | C21: ='1'!C21+'2'!C21+'3'!C21+'4'!C21+'5'!C21+'6'!C21+'7'!C21+'8'!C21+'9'!C21+'10'!C21+'11'!C21+'12'!C21+'13'!C21+'14'!C21+'15'!C21+'16'!C21+'17'!C21+'18'!C21+'19'!C21+'20'!C21+'21'!C21+'22'!C21+'23'!C21+'24'!C21+'25'!C21+'26'!C21+'27'!C21+'28'!C21+'29'!C21+'30'!C21+'31'!C21 -> 0 | D21: ='1'!D21+'2'!D21+'3'!D21+'4'!D21+'5'!D21+'6'!D21+'7'!D21+'8'!D21+'9'!D21+'10'!D21+'11'!D21+'12'!D21+'13'!D21+'14'!D21+'15'!D21+'16'!D21+'17'!D21+'18'!D21+'19'!D21+'20'!D21+'21'!D21+'22'!D21+'23'!D21+'24'!D21+'25'!D21+'26'!D21+'27'!D21+'28'!D21+'29'!D21+'30'!D21+'31'!D21 -> 0 | E21: ='1'!E21+'2'!E21+'3'!E21+'4'!E21+'5'!E21+'6'!E21+'7'!E21+'8'!E21+'9'!E21+'10'!E21+'11'!E21+'12'!E21+'13'!E21+'14'!E21+'15'!E21+'16'!E21+'17'!E21+'18'!E21+'19'!E21+'20'!E21+'21'!E21+'22'!E21+'23'!E21+'24'!E21+'25'!E21+'26'!E21+'27'!E21+'28'!E21+'29'!E21+'30'!E21+'31'!E21 -> 0 | F21: ='1'!F21+'2'!F21+'3'!F21+'4'!F21+'5'!F21+'6'!F21+'7'!F21+'8'!F21+'9'!F21+'10'!F21+'11'!F21+'12'!F21+'13'!F21+'14'!F21+'15'!F21+'16'!F21+'17'!F21+'18'!F21+'19'!F21+'20'!F21+'21'!F21+'22'!F21+'23'!F21+'24'!F21+'25'!F21+'26'!F21+'27'!F21+'28'!F21+'29'!F21+'30'!F21+'31'!F21 -> 0 | G21: ='1'!G21+'2'!G21+'3'!G21+'4'!G21+'5'!G21+'6'!G21+'7'!G21+'8'!G21+'9'!G21+'10'!G21+'11'!G21+'12'!G21+'13'!G21+'14'!G21+'15'!G21+'16'!G21+'17'!G21+'18'!G21+'19'!G21+'20'!G21+'21'!G21+'22'!G21+'23'!G21+'24'!G21+'25'!G21+'26'!G21+'27'!G21+'28'!G21+'29'!G21+'30'!G21+'31'!G21 -> 0 | H21: ='1'!H21+'2'!H21+'3'!H21+'4'!H21+'5'!H21+'6'!H21+'7'!H21+'8'!H21+'9'!H21+'10'!H21+'11'!H21+'12'!H21+'13'!H21+'14'!H21+'15'!H21+'16'!H21+'17'!H21+'18'!H21+'19'!H21+'20'!H21+'21'!H21+'22'!H21+'23'!H21+'24'!H21+'25'!H21+'26'!H21+'27'!H21+'28'!H21+'29'!H21+'30'!H21+'31'!H21 -> 0 | I21: ='1'!I21+'2'!I21+'3'!I21+'4'!I21+'5'!I21+'6'!I21+'7'!I21+'8'!I21+'9'!I21+'10'!I21+'11'!I21+'12'!I21+'13'!I21+'14'!I21+'15'!I21+'16'!I21+'17'!I21+'18'!I21+'19'!I21+'20'!I21+'21'!I21+'22'!I21+'23'!I21+'24'!I21+'25'!I21+'26'!I21+'27'!I21+'28'!I21+'29'!I21+'30'!I21+'31'!I21 -> 0 | J21: ='1'!J21+'2'!J21+'3'!J21+'4'!J21+'5'!J21+'6'!J21+'7'!J21+'8'!J21+'9'!J21+'10'!J21+'11'!J21+'12'!J21+'13'!J21+'14'!J21+'15'!J21+'16'!J21+'17'!J21+'18'!J21+'19'!J21+'20'!J21+'21'!J21+'22'!J21+'23'!J21+'24'!J21+'25'!J21+'26'!J21+'27'!J21+'28'!J21+'29'!J21+'30'!J21+'31'!J21 -> 0 | ... L21: ='1'!L21+'2'!L21+'3'!L21+'4'!L21+'5'!L21+'6'!L21+'7'!L21+'8'!L21+'9'!L21+'10'!L21+'11'!L21+'12'!L21+'13'!L21+'14'!L21+'15'!L21+'16'!L21+'17'!L21+'18'!L21+'19'!L21+'20'!L21+'21'!L21+'22'!L21+'23'!L21+'24'!L21+'25'!L21+'26'!L21+'27'!L21+'28'!L21+'29'!L21+'30'!L21+'31'!L21 -> 0 | M21: =SUM(C21:L21) -> 0
